timestamp,gpu_util_pct,mem_util_pct,vram_used_mb,vram_total_mb,power_watts,temp_c
2026/09/28 06:00:24.591, 20, 9, 22205, 32607, 324.15, 63
2026/09/28 06:00:24.814, 0, 0, 22205, 32607, 265.88, 56
2026/09/28 06:00:25.036, 0, 0, 22205, 32607, 154.94, 56
2026/09/28 06:00:25.259, 0, 0, 22207, 32607, 177.82, 64
2026/09/28 06:00:25.484, 0, 0, 22207, 32607, 272.35, 64
2026/09/28 06:00:25.709, 100, 20, 22207, 32607, 333.96, 73
2026/09/28 06:00:25.934, 100, 20, 22207, 32607, 410.84, 73
2026/09/28 06:00:26.159, 100, 20, 22207, 32607, 526.11, 73
2026/09/28 06:00:26.384, 100, 20, 22207, 32607, 527.90, 73
2026/09/28 06:00:26.611, 100, 20, 22207, 32607, 525.31, 73
2026/09/28 06:00:26.834, 100, 17, 22207, 32607, 525.00, 73
2026/09/28 06:00:27.057, 100, 17, 22207, 32607, 525.00, 73
2026/09/28 06:00:27.280, 100, 17, 22207, 32607, 524.90, 73
2026/09/28 06:00:27.504, 100, 17, 22207, 32607, 525.01, 73
2026/09/28 06:00:27.727, 100, 15, 22207, 32607, 525.04, 73
2026/09/28 06:00:27.952, 100, 15, 22207, 32607, 524.96, 73
2026/09/28 06:00:28.176, 100, 15, 22207, 32607, 524.96, 73
2026/09/28 06:00:28.401, 100, 15, 22207, 32607, 525.27, 73
2026/09/28 06:00:28.625, 100, 15, 22207, 32607, 524.82, 73
2026/09/28 06:00:28.848, 100, 15, 22207, 32607, 524.98, 75
2026/09/28 06:00:29.073, 100, 15, 22207, 32607, 525.39, 75
2026/09/28 06:00:29.297, 100, 15, 22207, 32607, 524.90, 75
2026/09/28 06:00:29.522, 100, 15, 22207, 32607, 525.29, 75
2026/09/28 06:00:29.747, 100, 18, 22207, 32607, 524.97, 75
2026/09/28 06:00:29.972, 100, 18, 22207, 32607, 525.34, 75
2026/09/28 06:00:30.196, 100, 18, 22207, 32607, 524.92, 75
2026/09/28 06:00:30.420, 100, 18, 22207, 32607, 524.99, 75
2026/09/28 06:00:30.643, 100, 18, 22207, 32607, 525.29, 75
2026/09/28 06:00:30.866, 100, 18, 22207, 32607, 524.67, 74
2026/09/28 06:00:31.088, 100, 18, 22207, 32607, 524.98, 74
2026/09/28 06:00:31.312, 100, 18, 22207, 32607, 524.98, 73
2026/09/28 06:00:31.536, 100, 18, 22207, 32607, 524.79, 73
2026/09/28 06:00:31.761, 100, 15, 22207, 32607, 525.66, 73
2026/09/28 06:00:31.986, 100, 15, 22207, 32607, 525.01, 73
2026/09/28 06:00:32.211, 100, 15, 22207, 32607, 525.00, 74
2026/09/28 06:00:32.434, 100, 15, 22207, 32607, 524.90, 74
2026/09/28 06:00:32.658, 100, 15, 22207, 32607, 524.91, 74
2026/09/28 06:00:32.881, 100, 15, 22207, 32607, 525.29, 73
2026/09/28 06:00:33.105, 100, 15, 22207, 32607, 524.88, 73
2026/09/28 06:00:33.331, 100, 15, 22207, 32607, 524.92, 75
2026/09/28 06:00:33.556, 100, 15, 22207, 32607, 524.72, 75
2026/09/28 06:00:33.780, 100, 18, 22207, 32607, 524.88, 75
2026/09/28 06:00:34.003, 100, 18, 22207, 32607, 524.99, 75
2026/09/28 06:00:34.226, 100, 18, 22207, 32607, 524.90, 75
2026/09/28 06:00:34.451, 100, 18, 22207, 32607, 524.91, 75
2026/09/28 06:00:34.675, 100, 18, 22207, 32607, 524.88, 75
2026/09/28 06:00:34.899, 100, 18, 22207, 32607, 524.93, 75
2026/09/28 06:00:35.125, 100, 18, 22207, 32607, 524.96, 75
2026/09/28 06:00:35.351, 100, 18, 22207, 32607, 524.97, 75
2026/09/28 06:00:35.575, 100, 18, 22207, 32607, 524.92, 75
2026/09/28 06:00:35.798, 100, 15, 22207, 32607, 525.47, 74
2026/09/28 06:00:36.022, 100, 15, 22207, 32607, 524.81, 74
2026/09/28 06:00:36.247, 100, 15, 22207, 32607, 525.00, 75
2026/09/28 06:00:36.472, 100, 15, 22207, 32607, 524.85, 75
2026/09/28 06:00:36.695, 100, 15, 22207, 32607, 524.83, 76
2026/09/28 06:00:36.919, 100, 15, 22207, 32607, 525.27, 76
2026/09/28 06:00:37.143, 100, 15, 22207, 32607, 525.00, 76
2026/09/28 06:00:37.368, 100, 15, 22207, 32607, 525.29, 76
2026/09/28 06:00:37.591, 100, 15, 22207, 32607, 524.99, 76
2026/09/28 06:00:37.814, 100, 19, 22207, 32607, 524.77, 75
2026/09/28 06:00:38.038, 100, 19, 22207, 32607, 525.15, 75
2026/09/28 06:00:38.263, 100, 19, 22207, 32607, 525.01, 75
2026/09/28 06:00:38.488, 100, 19, 22207, 32607, 525.00, 75
2026/09/28 06:00:38.712, 100, 17, 22207, 32607, 525.39, 75
2026/09/28 06:00:38.937, 100, 17, 22207, 32607, 524.78, 75
2026/09/28 06:00:39.161, 100, 17, 22207, 32607, 525.19, 75
2026/09/28 06:00:39.385, 100, 17, 22207, 32607, 524.94, 75
2026/09/28 06:00:39.607, 100, 17, 22207, 32607, 524.93, 75
2026/09/28 06:00:39.831, 100, 15, 22207, 32607, 524.89, 75
2026/09/28 06:00:40.054, 100, 15, 22207, 32607, 525.00, 75
2026/09/28 06:00:40.277, 100, 15, 22207, 32607, 524.94, 74
2026/09/28 06:00:40.501, 100, 15, 22207, 32607, 524.97, 74
2026/09/28 06:00:40.725, 100, 15, 22207, 32607, 524.75, 76
2026/09/28 06:00:40.948, 100, 15, 22207, 32607, 524.99, 76
2026/09/28 06:00:41.172, 100, 15, 22207, 32607, 524.83, 76
2026/09/28 06:00:41.397, 100, 15, 22207, 32607, 525.02, 76
2026/09/28 06:00:41.620, 100, 15, 22207, 32607, 525.28, 76
2026/09/28 06:00:41.845, 100, 15, 22207, 32607, 524.14, 76
2026/09/28 06:00:42.071, 100, 15, 22207, 32607, 525.22, 76
2026/09/28 06:00:42.296, 100, 17, 22207, 32607, 524.94, 75
2026/09/28 06:00:42.519, 100, 17, 22207, 32607, 524.89, 75
2026/09/28 06:00:42.742, 100, 17, 22207, 32607, 525.31, 74
2026/09/28 06:00:42.965, 100, 17, 22207, 32607, 524.78, 74
2026/09/28 06:00:43.191, 100, 17, 22207, 32607, 525.03, 75
2026/09/28 06:00:43.414, 100, 17, 22207, 32607, 524.96, 75
2026/09/28 06:00:43.639, 100, 17, 22207, 32607, 524.77, 75
2026/09/28 06:00:43.865, 100, 17, 22207, 32607, 525.47, 75
2026/09/28 06:00:44.089, 100, 17, 22207, 32607, 525.00, 75
2026/09/28 06:00:44.312, 100, 15, 22207, 32607, 525.05, 76
2026/09/28 06:00:44.535, 100, 15, 22207, 32607, 524.97, 76
2026/09/28 06:00:44.759, 100, 15, 22207, 32607, 524.88, 76
2026/09/28 06:00:44.982, 100, 15, 22207, 32607, 525.28, 76
2026/09/28 06:00:45.207, 100, 19, 22207, 32607, 524.90, 76
2026/09/28 06:00:45.431, 100, 19, 22207, 32607, 524.91, 76
2026/09/28 06:00:45.656, 100, 19, 22207, 32607, 525.27, 76
2026/09/28 06:00:45.879, 100, 19, 22207, 32607, 524.74, 76
2026/09/28 06:00:46.102, 100, 19, 22207, 32607, 524.98, 76
2026/09/28 06:00:46.325, 100, 16, 22207, 32607, 524.95, 74
2026/09/28 06:00:46.548, 100, 16, 22207, 32607, 524.76, 74
2026/09/28 06:00:46.772, 100, 16, 22207, 32607, 525.35, 75
2026/09/28 06:00:46.996, 100, 16, 22207, 32607, 524.82, 75
2026/09/28 06:00:47.219, 100, 15, 22207, 32607, 525.00, 75
2026/09/28 06:00:47.442, 100, 15, 22207, 32607, 525.30, 75
2026/09/28 06:00:47.666, 100, 15, 22207, 32607, 524.88, 75
2026/09/28 06:00:47.889, 100, 15, 22207, 32607, 524.90, 75
2026/09/28 06:00:48.114, 100, 15, 22207, 32607, 524.89, 75
2026/09/28 06:00:48.338, 100, 17, 22207, 32607, 524.88, 76
2026/09/28 06:00:48.562, 100, 17, 22207, 32607, 524.95, 76
2026/09/28 06:00:48.788, 100, 17, 22207, 32607, 524.71, 76
2026/09/28 06:00:49.012, 100, 17, 22207, 32607, 524.99, 76
2026/09/28 06:00:49.236, 100, 19, 22207, 32607, 524.95, 76
2026/09/28 06:00:49.461, 100, 19, 22207, 32607, 524.91, 76
2026/09/28 06:00:49.686, 100, 19, 22207, 32607, 525.38, 75
2026/09/28 06:00:49.911, 100, 19, 22207, 32607, 524.82, 75
2026/09/28 06:00:50.134, 100, 19, 22207, 32607, 524.45, 75
2026/09/28 06:00:50.360, 100, 19, 22207, 32607, 524.92, 75
2026/09/28 06:00:50.586, 100, 19, 22207, 32607, 524.89, 75
2026/09/28 06:00:50.811, 100, 19, 22207, 32607, 524.96, 75
2026/09/28 06:00:51.033, 100, 19, 22207, 32607, 524.93, 75
2026/09/28 06:00:51.257, 100, 15, 22207, 32607, 524.88, 77
2026/09/28 06:00:51.481, 100, 15, 22207, 32607, 525.38, 77
2026/09/28 06:00:51.704, 100, 15, 22207, 32607, 524.78, 77
2026/09/28 06:00:51.931, 100, 15, 22207, 32607, 524.99, 77
2026/09/28 06:00:52.155, 100, 15, 22207, 32607, 525.11, 77
2026/09/28 06:00:52.380, 100, 15, 22207, 32607, 524.94, 77
2026/09/28 06:00:52.606, 100, 15, 22207, 32607, 524.88, 77
2026/09/28 06:00:52.830, 100, 15, 22207, 32607, 524.87, 76
2026/09/28 06:00:53.053, 100, 15, 22207, 32607, 524.80, 76
2026/09/28 06:00:53.276, 100, 15, 22207, 32607, 524.89, 75
2026/09/28 06:00:53.501, 100, 15, 22207, 32607, 524.77, 75
2026/09/28 06:00:53.726, 100, 15, 22207, 32607, 525.40, 76
2026/09/28 06:00:53.951, 100, 15, 22207, 32607, 524.90, 76
2026/09/28 06:00:54.175, 100, 17, 22207, 32607, 524.91, 75
2026/09/28 06:00:54.399, 100, 17, 22207, 32607, 525.37, 75
2026/09/28 06:00:54.624, 100, 17, 22207, 32607, 524.95, 75
2026/09/28 06:00:54.849, 100, 17, 22207, 32607, 524.91, 75
2026/09/28 06:00:55.072, 100, 17, 22207, 32607, 524.95, 75
2026/09/28 06:00:55.297, 100, 18, 22207, 32607, 524.91, 77
2026/09/28 06:00:55.521, 100, 18, 22207, 32607, 524.94, 77
2026/09/28 06:00:55.747, 100, 18, 22207, 32607, 524.91, 77
2026/09/28 06:00:55.972, 100, 18, 22207, 32607, 524.79, 77
2026/09/28 06:00:56.196, 100, 17, 22207, 32607, 525.35, 76
2026/09/28 06:00:56.419, 100, 17, 22207, 32607, 524.76, 76
2026/09/28 06:00:56.644, 100, 17, 22207, 32607, 525.00, 76
2026/09/28 06:00:56.868, 100, 17, 22207, 32607, 525.00, 76
2026/09/28 06:00:57.092, 100, 17, 22207, 32607, 524.88, 76
2026/09/28 06:00:57.317, 100, 15, 22207, 32607, 525.25, 76
2026/09/28 06:00:57.542, 100, 15, 22207, 32607, 524.94, 76
2026/09/28 06:00:57.766, 100, 15, 22207, 32607, 524.87, 77
2026/09/28 06:00:57.988, 100, 15, 22207, 32607, 524.95, 77
2026/09/28 06:00:58.213, 100, 16, 22207, 32607, 524.72, 77
2026/09/28 06:00:58.438, 100, 16, 22207, 32607, 524.55, 77
2026/09/28 06:00:58.660, 100, 16, 22207, 32607, 524.76, 77
2026/09/28 06:00:58.885, 100, 16, 22207, 32607, 524.89, 77
2026/09/28 06:00:59.111, 100, 16, 22207, 32607, 525.27, 77
2026/09/28 06:00:59.333, 100, 18, 22207, 32607, 524.81, 77
2026/09/28 06:00:59.556, 100, 18, 22207, 32607, 524.97, 77
2026/09/28 06:00:59.780, 100, 18, 22207, 32607, 524.84, 76
2026/09/28 06:01:00.005, 100, 18, 22207, 32607, 524.76, 76
2026/09/28 06:01:00.229, 100, 15, 22207, 32607, 524.99, 75
2026/09/28 06:01:00.452, 100, 15, 22207, 32607, 524.97, 75
2026/09/28 06:01:00.676, 100, 15, 22207, 32607, 524.93, 75
2026/09/28 06:01:00.900, 100, 15, 22207, 32607, 525.37, 75
2026/09/28 06:01:01.123, 100, 15, 22207, 32607, 524.93, 75
2026/09/28 06:01:01.347, 100, 15, 22207, 32607, 524.82, 75
2026/09/28 06:01:01.572, 100, 15, 22207, 32607, 524.85, 75
2026/09/28 06:01:01.796, 100, 19, 22207, 32607, 524.79, 77
2026/09/28 06:01:02.021, 100, 19, 22207, 32607, 524.99, 77
2026/09/28 06:01:02.246, 100, 19, 22207, 32607, 525.03, 77
2026/09/28 06:01:02.469, 100, 19, 22207, 32607, 524.90, 77
2026/09/28 06:01:02.692, 100, 16, 22207, 32607, 525.29, 75
2026/09/28 06:01:02.915, 100, 16, 22207, 32607, 524.80, 75
2026/09/28 06:01:03.138, 100, 16, 22207, 32607, 524.92, 75
2026/09/28 06:01:03.361, 100, 16, 22207, 32607, 524.91, 75
2026/09/28 06:01:03.589, 100, 16, 22207, 32607, 524.93, 75
2026/09/28 06:01:03.812, 100, 15, 22207, 32607, 524.98, 76
2026/09/28 06:01:04.036, 100, 15, 22207, 32607, 524.80, 76
2026/09/28 06:01:04.259, 100, 15, 22207, 32607, 524.89, 78
2026/09/28 06:01:04.483, 100, 15, 22207, 32607, 525.28, 78
2026/09/28 06:01:04.707, 100, 18, 22207, 32607, 524.84, 77
2026/09/28 06:01:04.932, 100, 18, 22207, 32607, 525.50, 77
2026/09/28 06:01:05.158, 100, 18, 22207, 32607, 524.85, 77
2026/09/28 06:01:05.382, 100, 18, 22207, 32607, 524.77, 77
2026/09/28 06:01:05.606, 100, 18, 22207, 32607, 524.94, 77
2026/09/28 06:01:05.832, 100, 17, 22207, 32607, 524.95, 77
2026/09/28 06:01:06.055, 100, 17, 22207, 32607, 524.88, 77
2026/09/28 06:01:06.279, 100, 17, 22207, 32607, 525.36, 76
2026/09/28 06:01:06.502, 100, 17, 22207, 32607, 524.83, 76
2026/09/28 06:01:06.728, 98, 17, 22207, 32607, 524.46, 76
2026/09/28 06:01:06.953, 98, 17, 22207, 32607, 525.23, 76
2026/09/28 06:01:07.176, 98, 17, 22207, 32607, 524.88, 78
2026/09/28 06:01:07.398, 98, 17, 22207, 32607, 524.90, 78
2026/09/28 06:01:07.621, 98, 17, 22207, 32607, 524.94, 78
2026/09/28 06:01:07.845, 98, 17, 22207, 32607, 525.36, 78
2026/09/28 06:01:08.070, 98, 17, 22207, 32607, 525.33, 78
2026/09/28 06:01:08.295, 98, 17, 22207, 32607, 524.81, 77
2026/09/28 06:01:08.520, 98, 17, 22207, 32607, 524.93, 77
2026/09/28 06:01:08.743, 100, 17, 22207, 32607, 525.34, 77
2026/09/28 06:01:08.967, 100, 17, 22207, 32607, 524.79, 77
2026/09/28 06:01:09.191, 100, 17, 22207, 32607, 524.90, 76
2026/09/28 06:01:09.415, 100, 17, 22207, 32607, 524.89, 76
2026/09/28 06:01:09.638, 100, 17, 22207, 32607, 524.79, 76
2026/09/28 06:01:09.861, 100, 17, 22207, 32607, 525.30, 76
2026/09/28 06:01:10.085, 100, 17, 22207, 32607, 524.80, 76
2026/09/28 06:01:10.309, 100, 17, 22207, 32607, 524.92, 78
2026/09/28 06:01:10.532, 100, 17, 22207, 32607, 525.36, 78
2026/09/28 06:01:10.756, 100, 18, 22207, 32607, 524.83, 78
2026/09/28 06:01:10.981, 100, 18, 22207, 32607, 524.89, 78
2026/09/28 06:01:11.207, 100, 18, 22207, 32607, 524.95, 77
2026/09/28 06:01:11.431, 100, 18, 22207, 32607, 524.79, 77
2026/09/28 06:01:11.655, 100, 18, 22207, 32607, 524.90, 77
2026/09/28 06:01:11.878, 100, 18, 22207, 32607, 524.84, 77
2026/09/28 06:01:12.103, 100, 18, 22207, 32607, 525.01, 77
2026/09/28 06:01:12.327, 100, 18, 22207, 32607, 525.23, 76
2026/09/28 06:01:12.551, 100, 18, 22207, 32607, 524.75, 76
2026/09/28 06:01:12.777, 100, 15, 22207, 32607, 524.92, 77
2026/09/28 06:01:13.003, 100, 15, 22207, 32607, 524.92, 77
2026/09/28 06:01:13.230, 100, 15, 22207, 32607, 525.67, 78
2026/09/28 06:01:13.454, 100, 15, 22207, 32607, 525.41, 78
2026/09/28 06:01:13.678, 100, 18, 22207, 32607, 524.92, 78
2026/09/28 06:01:13.901, 100, 18, 22207, 32607, 524.91, 78
2026/09/28 06:01:14.126, 100, 18, 22207, 32607, 525.36, 78
2026/09/28 06:01:14.349, 100, 18, 22207, 32607, 524.85, 78
2026/09/28 06:01:14.574, 100, 18, 22207, 32607, 525.29, 78
2026/09/28 06:01:14.800, 100, 17, 22207, 32607, 524.90, 77
2026/09/28 06:01:15.026, 100, 17, 22207, 32607, 524.43, 77
2026/09/28 06:01:15.249, 100, 17, 22207, 32607, 525.21, 76
2026/09/28 06:01:15.473, 100, 17, 22207, 32607, 524.80, 76
2026/09/28 06:01:15.696, 100, 15, 22207, 32607, 524.93, 76
2026/09/28 06:01:15.919, 100, 15, 22207, 32607, 525.28, 76
2026/09/28 06:01:16.146, 100, 15, 22207, 32607, 524.91, 76
2026/09/28 06:01:16.371, 100, 15, 22207, 32607, 525.27, 76
2026/09/28 06:01:16.595, 100, 15, 22207, 32607, 524.89, 76
2026/09/28 06:01:16.818, 100, 18, 22207, 32607, 524.79, 78
2026/09/28 06:01:17.041, 100, 18, 22207, 32607, 525.27, 78
2026/09/28 06:01:17.266, 100, 18, 22207, 32607, 524.94, 78
2026/09/28 06:01:17.489, 100, 18, 22207, 32607, 524.94, 78
2026/09/28 06:01:17.714, 100, 16, 22207, 32607, 525.30, 77
2026/09/28 06:01:17.938, 100, 16, 22207, 32607, 524.76, 77
2026/09/28 06:01:18.161, 100, 16, 22207, 32607, 524.95, 77
2026/09/28 06:01:18.387, 100, 16, 22207, 32607, 524.87, 76
2026/09/28 06:01:18.611, 100, 16, 22207, 32607, 524.81, 76
2026/09/28 06:01:18.835, 100, 15, 22207, 32607, 524.97, 76
2026/09/28 06:01:19.059, 100, 15, 22207, 32607, 524.97, 76
2026/09/28 06:01:19.285, 100, 16, 22207, 32607, 524.90, 78
2026/09/28 06:01:19.511, 100, 16, 22207, 32607, 525.26, 78
2026/09/28 06:01:19.734, 100, 16, 22207, 32607, 524.93, 78
2026/09/28 06:01:19.958, 100, 16, 22207, 32607, 525.36, 78
2026/09/28 06:01:20.181, 100, 18, 22207, 32607, 524.92, 78
2026/09/28 06:01:20.406, 100, 18, 22207, 32607, 524.76, 78
2026/09/28 06:01:20.631, 100, 18, 21455, 32607, 519.15, 78
2026/09/28 06:01:20.855, 100, 18, 21455, 32607, 522.83, 78
2026/09/28 06:01:21.080, 100, 18, 21455, 32607, 523.70, 78
2026/09/28 06:01:21.306, 100, 43, 21455, 32607, 523.72, 76
2026/09/28 06:01:21.531, 100, 43, 21455, 32607, 523.75, 76
2026/09/28 06:01:21.755, 100, 43, 21455, 32607, 529.39, 76
2026/09/28 06:01:21.981, 100, 43, 21455, 32607, 525.34, 76
2026/09/28 06:01:22.206, 100, 47, 21455, 32607, 524.72, 76
2026/09/28 06:01:22.434, 100, 47, 21455, 32607, 525.08, 76
2026/09/28 06:01:22.660, 100, 47, 21455, 32607, 524.73, 76
2026/09/28 06:01:22.885, 100, 47, 21455, 32607, 512.09, 76
2026/09/28 06:01:23.108, 100, 47, 21455, 32607, 429.50, 76
2026/09/28 06:01:23.332, 0, 0, 21457, 32607, 387.19, 61
2026/09/28 06:01:23.557, 0, 0, 21457, 32607, 394.97, 61
2026/09/28 06:01:23.781, 0, 0, 21457, 32607, 395.86, 77
2026/09/28 06:01:24.007, 0, 0, 21457, 32607, 419.42, 77
2026/09/28 06:01:24.231, 100, 19, 21457, 32607, 532.78, 77
2026/09/28 06:01:24.455, 100, 19, 21457, 32607, 533.03, 77
2026/09/28 06:01:24.680, 100, 19, 21457, 32607, 525.62, 77
2026/09/28 06:01:24.906, 100, 19, 21457, 32607, 524.79, 77
2026/09/28 06:01:25.131, 100, 19, 21457, 32607, 524.94, 77
2026/09/28 06:01:25.355, 100, 19, 21457, 32607, 525.36, 76
2026/09/28 06:01:25.581, 100, 19, 21457, 32607, 524.82, 76
2026/09/28 06:01:25.805, 100, 19, 21457, 32607, 525.28, 77
2026/09/28 06:01:26.028, 100, 19, 21457, 32607, 524.88, 77
2026/09/28 06:01:26.252, 100, 15, 21457, 32607, 524.81, 78
2026/09/28 06:01:26.478, 100, 15, 21457, 32607, 525.24, 78
2026/09/28 06:01:26.702, 100, 15, 21457, 32607, 524.84, 78
2026/09/28 06:01:26.928, 100, 15, 21457, 32607, 524.93, 78
2026/09/28 06:01:27.154, 100, 15, 21457, 32607, 525.80, 78
2026/09/28 06:01:27.377, 100, 15, 21457, 32607, 524.80, 78
2026/09/28 06:01:27.600, 100, 15, 21457, 32607, 525.30, 78
2026/09/28 06:01:27.824, 100, 15, 21457, 32607, 524.83, 76
2026/09/28 06:01:28.048, 100, 15, 21457, 32607, 524.77, 76
2026/09/28 06:01:28.273, 100, 15, 21457, 32607, 525.31, 77
2026/09/28 06:01:28.497, 100, 15, 21457, 32607, 524.95, 77
2026/09/28 06:01:28.722, 100, 15, 21457, 32607, 524.88, 78
2026/09/28 06:01:28.946, 100, 15, 21457, 32607, 524.98, 78
2026/09/28 06:01:29.171, 100, 15, 21457, 32607, 524.70, 78
2026/09/28 06:01:29.394, 100, 15, 21457, 32607, 524.99, 78
2026/09/28 06:01:29.618, 100, 15, 21457, 32607, 525.37, 78
2026/09/28 06:01:29.842, 100, 15, 21457, 32607, 524.78, 78
2026/09/28 06:01:30.068, 100, 15, 21457, 32607, 525.30, 78
2026/09/28 06:01:30.292, 100, 17, 21457, 32607, 524.95, 77
2026/09/28 06:01:30.517, 100, 17, 21457, 32607, 524.78, 77
2026/09/28 06:01:30.740, 100, 17, 21457, 32607, 524.86, 76
2026/09/28 06:01:30.965, 100, 17, 21457, 32607, 524.80, 76
2026/09/28 06:01:31.191, 100, 15, 21457, 32607, 524.92, 77
2026/09/28 06:01:31.416, 100, 15, 21457, 32607, 525.34, 77
2026/09/28 06:01:31.641, 100, 15, 21457, 32607, 524.78, 77
2026/09/28 06:01:31.864, 100, 15, 21457, 32607, 524.88, 77
2026/09/28 06:01:32.088, 100, 15, 21457, 32607, 524.90, 77
2026/09/28 06:01:32.311, 100, 19, 21457, 32607, 524.89, 78
2026/09/28 06:01:32.536, 100, 19, 21457, 32607, 524.95, 78
2026/09/28 06:01:32.762, 100, 19, 21457, 32607, 525.05, 78
2026/09/28 06:01:32.989, 100, 19, 21457, 32607, 524.88, 78
2026/09/28 06:01:33.213, 100, 15, 21457, 32607, 525.23, 76
2026/09/28 06:01:33.439, 100, 15, 21457, 32607, 524.79, 76
2026/09/28 06:01:33.662, 100, 15, 21457, 32607, 524.98, 76
2026/09/28 06:01:33.885, 100, 15, 21457, 32607, 525.39, 76
2026/09/28 06:01:34.111, 100, 15, 21457, 32607, 524.74, 76
2026/09/28 06:01:34.335, 100, 15, 21457, 32607, 525.00, 78
2026/09/28 06:01:34.560, 100, 15, 21457, 32607, 524.70, 78
2026/09/28 06:01:34.786, 100, 15, 21457, 32607, 524.83, 78
2026/09/28 06:01:35.011, 100, 15, 21457, 32607, 524.85, 78
2026/09/28 06:01:35.234, 100, 18, 21457, 32607, 524.96, 78
2026/09/28 06:01:35.458, 100, 18, 21457, 32607, 524.82, 78
2026/09/28 06:01:35.682, 100, 18, 21457, 32607, 525.33, 76
2026/09/28 06:01:35.908, 100, 18, 21457, 32607, 524.80, 76
2026/09/28 06:01:36.136, 100, 18, 21457, 32607, 524.87, 76
2026/09/28 06:01:36.362, 100, 18, 21457, 32607, 524.87, 77
2026/09/28 06:01:36.588, 100, 18, 21457, 32607, 524.87, 77
2026/09/28 06:01:36.811, 100, 15, 21457, 32607, 525.00, 78
2026/09/28 06:01:37.035, 100, 15, 21457, 32607, 524.90, 78
2026/09/28 06:01:37.259, 100, 15, 21457, 32607, 524.76, 78
2026/09/28 06:01:37.484, 100, 15, 21457, 32607, 525.31, 78
2026/09/28 06:01:37.712, 100, 19, 21457, 32607, 524.92, 78
2026/09/28 06:01:37.937, 100, 19, 21457, 32607, 524.81, 78
2026/09/28 06:01:38.163, 100, 19, 21457, 32607, 525.38, 78
2026/09/28 06:01:38.389, 100, 19, 21457, 32607, 524.77, 77
2026/09/28 06:01:38.613, 100, 19, 21457, 32607, 524.91, 77
2026/09/28 06:01:38.836, 100, 15, 21457, 32607, 525.31, 77
2026/09/28 06:01:39.059, 100, 15, 21457, 32607, 524.88, 77
2026/09/28 06:01:39.282, 100, 15, 21457, 32607, 525.27, 77
2026/09/28 06:01:39.508, 100, 15, 21457, 32607, 524.91, 77
2026/09/28 06:01:39.732, 100, 15, 21457, 32607, 524.89, 78
2026/09/28 06:01:39.955, 100, 15, 21457, 32607, 525.29, 78
2026/09/28 06:01:40.179, 100, 15, 21457, 32607, 524.88, 78
2026/09/28 06:01:40.402, 100, 15, 21457, 32607, 524.91, 78
2026/09/28 06:01:40.629, 100, 15, 21457, 32607, 525.24, 78
2026/09/28 06:01:40.853, 100, 15, 21457, 32607, 524.92, 78
2026/09/28 06:01:41.079, 100, 15, 21457, 32607, 525.19, 78
2026/09/28 06:01:41.306, 100, 15, 21457, 32607, 525.36, 77
2026/09/28 06:01:41.528, 100, 15, 21457, 32607, 524.74, 77
2026/09/28 06:01:41.752, 100, 15, 21457, 32607, 524.77, 77
2026/09/28 06:01:41.976, 100, 15, 21457, 32607, 524.95, 77
2026/09/28 06:01:42.199, 100, 15, 21457, 32607, 524.85, 79
2026/09/28 06:01:42.424, 100, 15, 21457, 32607, 524.89, 79
2026/09/28 06:01:42.651, 100, 15, 21457, 32607, 524.89, 79
2026/09/28 06:01:42.875, 100, 15, 21457, 32607, 524.81, 78
2026/09/28 06:01:43.100, 100, 15, 21457, 32607, 525.23, 78
2026/09/28 06:01:43.325, 100, 15, 21457, 32607, 524.79, 78
2026/09/28 06:01:43.548, 100, 15, 21457, 32607, 524.88, 78
2026/09/28 06:01:43.772, 100, 15, 21457, 32607, 525.47, 77
2026/09/28 06:01:43.997, 100, 15, 21457, 32607, 524.74, 77
2026/09/28 06:01:44.222, 100, 15, 21457, 32607, 524.98, 77
2026/09/28 06:01:44.448, 100, 15, 21457, 32607, 525.35, 77
2026/09/28 06:01:44.671, 100, 15, 21457, 32607, 524.83, 77
2026/09/28 06:01:44.894, 100, 15, 21457, 32607, 525.29, 79
2026/09/28 06:01:45.119, 100, 15, 21457, 32607, 524.98, 79
2026/09/28 06:01:45.343, 100, 15, 21457, 32607, 524.84, 78
2026/09/28 06:01:45.571, 100, 15, 21457, 32607, 525.24, 78
2026/09/28 06:01:45.796, 100, 18, 21457, 32607, 524.78, 78
2026/09/28 06:01:46.020, 100, 18, 21457, 32607, 524.91, 78
2026/09/28 06:01:46.245, 100, 18, 21457, 32607, 525.27, 77
2026/09/28 06:01:46.468, 100, 18, 21457, 32607, 524.85, 77
2026/09/28 06:01:46.694, 100, 15, 21457, 32607, 525.01, 78
2026/09/28 06:01:46.917, 100, 15, 21457, 32607, 525.32, 78
2026/09/28 06:01:47.141, 100, 15, 21457, 32607, 524.82, 78
2026/09/28 06:01:47.368, 100, 15, 21457, 32607, 525.29, 78
2026/09/28 06:01:47.592, 100, 15, 21457, 32607, 524.97, 78
2026/09/28 06:01:47.816, 100, 18, 21457, 32607, 524.80, 78
2026/09/28 06:01:48.039, 100, 18, 21457, 32607, 525.25, 78
2026/09/28 06:01:48.262, 100, 18, 21457, 32607, 524.26, 78
2026/09/28 06:01:48.486, 100, 18, 21457, 32607, 524.81, 78
2026/09/28 06:01:48.711, 100, 15, 21457, 32607, 525.21, 77
2026/09/28 06:01:48.936, 100, 15, 21457, 32607, 524.81, 77
2026/09/28 06:01:49.159, 100, 15, 21457, 32607, 524.90, 77
2026/09/28 06:01:49.383, 100, 15, 21457, 32607, 524.92, 77
2026/09/28 06:01:49.607, 100, 15, 21457, 32607, 524.88, 77
2026/09/28 06:01:49.831, 100, 16, 21457, 32607, 525.00, 79
2026/09/28 06:01:50.056, 100, 16, 21457, 32607, 525.10, 79
2026/09/28 06:01:50.282, 100, 16, 21457, 32607, 524.89, 79
2026/09/28 06:01:50.506, 100, 16, 21457, 32607, 525.31, 79
2026/09/28 06:01:50.729, 100, 19, 21457, 32607, 525.01, 78
2026/09/28 06:01:50.952, 100, 19, 21457, 32607, 524.79, 78
2026/09/28 06:01:51.174, 100, 19, 21457, 32607, 525.19, 77
2026/09/28 06:01:51.399, 100, 19, 21457, 32607, 524.72, 77
2026/09/28 06:01:51.624, 100, 19, 21457, 32607, 524.90, 77
2026/09/28 06:01:51.848, 100, 19, 21457, 32607, 525.23, 77
2026/09/28 06:01:52.072, 100, 19, 21457, 32607, 525.24, 77
2026/09/28 06:01:52.297, 100, 19, 21457, 32607, 525.29, 77
2026/09/28 06:01:52.521, 100, 19, 21457, 32607, 524.86, 77
2026/09/28 06:01:52.747, 100, 16, 21457, 32607, 524.71, 79
2026/09/28 06:01:52.971, 100, 16, 21457, 32607, 525.23, 79
2026/09/28 06:01:53.197, 100, 16, 21457, 32607, 524.76, 79
2026/09/28 06:01:53.419, 100, 16, 21457, 32607, 524.87, 79
2026/09/28 06:01:53.642, 100, 16, 21457, 32607, 525.28, 79
2026/09/28 06:01:53.866, 100, 16, 21457, 32607, 524.64, 78
2026/09/28 06:01:54.091, 100, 16, 21457, 32607, 524.93, 78
2026/09/28 06:01:54.315, 100, 16, 21457, 32607, 525.36, 77
2026/09/28 06:01:54.540, 100, 16, 21457, 32607, 524.76, 77
2026/09/28 06:01:54.765, 100, 15, 21457, 32607, 525.26, 77
2026/09/28 06:01:54.989, 100, 15, 21457, 32607, 524.95, 77
2026/09/28 06:01:55.212, 100, 17, 21457, 32607, 524.86, 79
2026/09/28 06:01:55.436, 100, 17, 21457, 32607, 524.89, 79
2026/09/28 06:01:55.661, 100, 17, 21457, 32607, 524.82, 79
2026/09/28 06:01:55.887, 100, 17, 21457, 32607, 524.97, 79
2026/09/28 06:01:56.113, 100, 17, 21457, 32607, 525.27, 79
2026/09/28 06:01:56.338, 100, 18, 21457, 32607, 524.92, 78
2026/09/28 06:01:56.562, 100, 18, 21457, 32607, 524.15, 78
2026/09/28 06:01:56.785, 100, 18, 21457, 32607, 525.21, 77
2026/09/28 06:01:57.009, 100, 18, 21457, 32607, 524.72, 77
2026/09/28 06:01:57.233, 100, 15, 21457, 32607, 524.93, 78
2026/09/28 06:01:57.458, 100, 15, 21457, 32607, 524.92, 78
2026/09/28 06:01:57.682, 100, 15, 21457, 32607, 525.66, 79
2026/09/28 06:01:57.906, 100, 15, 21457, 32607, 525.28, 79
2026/09/28 06:01:58.131, 100, 15, 21457, 32607, 524.90, 79
2026/09/28 06:01:58.356, 100, 15, 21457, 32607, 524.87, 79
2026/09/28 06:01:58.580, 100, 15, 21457, 32607, 525.28, 79
2026/09/28 06:01:58.807, 100, 15, 21457, 32607, 524.84, 78
2026/09/28 06:01:59.031, 100, 15, 21457, 32607, 524.84, 78
2026/09/28 06:01:59.255, 100, 15, 21457, 32607, 525.25, 77
2026/09/28 06:01:59.477, 100, 15, 21457, 32607, 524.77, 77
2026/09/28 06:01:59.700, 100, 15, 21457, 32607, 524.96, 78
2026/09/28 06:01:59.924, 100, 15, 21457, 32607, 525.32, 78
2026/09/28 06:02:00.149, 100, 15, 21457, 32607, 524.84, 78
2026/09/28 06:02:00.374, 100, 15, 21457, 32607, 525.92, 79
2026/09/28 06:02:00.598, 100, 15, 21457, 32607, 524.99, 79
2026/09/28 06:02:00.821, 100, 15, 21457, 32607, 524.78, 79
2026/09/28 06:02:01.045, 100, 15, 21457, 32607, 524.84, 79
2026/09/28 06:02:01.269, 100, 18, 21457, 32607, 524.82, 78
2026/09/28 06:02:01.493, 100, 18, 21457, 32607, 524.82, 78
2026/09/28 06:02:01.719, 100, 18, 21457, 32607, 525.27, 77
2026/09/28 06:02:01.943, 100, 18, 21457, 32607, 524.93, 77
2026/09/28 06:02:02.171, 100, 18, 21457, 32607, 524.52, 77
2026/09/28 06:02:02.396, 100, 18, 21457, 32607, 525.27, 77
2026/09/28 06:02:02.620, 100, 18, 21457, 32607, 524.74, 77
2026/09/28 06:02:02.846, 100, 18, 21457, 32607, 524.94, 79
2026/09/28 06:02:03.072, 100, 18, 21457, 32607, 524.94, 79
2026/09/28 06:02:03.298, 100, 18, 21457, 32607, 524.84, 79
2026/09/28 06:02:03.523, 100, 18, 21457, 32607, 525.24, 79
2026/09/28 06:02:03.749, 100, 18, 21457, 32607, 524.87, 78
2026/09/28 06:02:03.974, 100, 18, 21457, 32607, 524.91, 78
2026/09/28 06:02:04.197, 100, 15, 21457, 32607, 525.24, 77
2026/09/28 06:02:04.421, 100, 15, 21457, 32607, 524.80, 77
2026/09/28 06:02:04.646, 100, 15, 21457, 32607, 524.95, 77
2026/09/28 06:02:04.871, 100, 15, 21457, 32607, 524.85, 77
2026/09/28 06:02:05.095, 100, 15, 21457, 32607, 524.64, 77
2026/09/28 06:02:05.320, 100, 15, 21457, 32607, 524.95, 79
2026/09/28 06:02:05.543, 100, 15, 21457, 32607, 525.33, 79
2026/09/28 06:02:05.767, 100, 15, 21457, 32607, 524.82, 79
2026/09/28 06:02:05.992, 100, 15, 21457, 32607, 525.36, 79
2026/09/28 06:02:06.216, 100, 19, 21457, 32607, 525.04, 79
2026/09/28 06:02:06.441, 100, 19, 21457, 32607, 524.81, 79
2026/09/28 06:02:06.668, 100, 19, 21457, 32607, 525.22, 79
2026/09/28 06:02:06.891, 100, 19, 21457, 32607, 524.93, 79
2026/09/28 06:02:07.115, 100, 19, 21457, 32607, 524.94, 79
2026/09/28 06:02:07.338, 100, 15, 21457, 32607, 525.26, 78
2026/09/28 06:02:07.561, 100, 15, 21457, 32607, 524.75, 78
2026/09/28 06:02:07.785, 100, 15, 21457, 32607, 524.89, 77
2026/09/28 06:02:08.011, 100, 15, 21457, 32607, 525.30, 77
2026/09/28 06:02:08.236, 100, 17, 21457, 32607, 524.73, 79
2026/09/28 06:02:08.459, 100, 17, 21457, 32607, 525.31, 79
2026/09/28 06:02:08.682, 100, 17, 21457, 32607, 525.55, 79
2026/09/28 06:02:08.907, 100, 17, 21457, 32607, 524.87, 79
2026/09/28 06:02:09.131, 100, 17, 21457, 32607, 524.88, 79
2026/09/28 06:02:09.356, 100, 17, 21457, 32607, 524.94, 77
2026/09/28 06:02:09.580, 100, 17, 21457, 32607, 524.94, 77
2026/09/28 06:02:09.811, 100, 17, 21457, 32607, 525.28, 77
2026/09/28 06:02:10.034, 100, 17, 21457, 32607, 524.82, 77
2026/09/28 06:02:10.258, 100, 15, 21457, 32607, 525.03, 77
2026/09/28 06:02:10.483, 100, 15, 21457, 32607, 524.66, 77
2026/09/28 06:02:10.708, 100, 15, 21457, 32607, 524.77, 79
2026/09/28 06:02:10.933, 100, 15, 21457, 32607, 525.31, 79
2026/09/28 06:02:11.159, 100, 15, 21457, 32607, 524.78, 79
2026/09/28 06:02:11.386, 100, 15, 21457, 32607, 524.81, 79
2026/09/28 06:02:11.611, 100, 15, 21457, 32607, 525.30, 79
2026/09/28 06:02:11.834, 100, 15, 21457, 32607, 525.00, 78
2026/09/28 06:02:12.057, 100, 15, 21457, 32607, 524.83, 78
2026/09/28 06:02:12.282, 100, 15, 21457, 32607, 525.23, 77
2026/09/28 06:02:12.507, 100, 15, 21457, 32607, 524.84, 77
2026/09/28 06:02:12.731, 100, 15, 21457, 32607, 524.89, 77
2026/09/28 06:02:12.956, 100, 15, 21457, 32607, 525.24, 77
2026/09/28 06:02:13.181, 100, 16, 21457, 32607, 524.71, 79
2026/09/28 06:02:13.407, 100, 16, 21457, 32607, 524.88, 79
2026/09/28 06:02:13.632, 100, 16, 21457, 32607, 525.30, 79
2026/09/28 06:02:13.856, 100, 16, 21457, 32607, 524.76, 79
2026/09/28 06:02:14.080, 100, 16, 21457, 32607, 525.27, 79
2026/09/28 06:02:14.306, 100, 16, 21457, 32607, 524.98, 78
2026/09/28 06:02:14.531, 100, 16, 21457, 32607, 524.93, 78
2026/09/28 06:02:14.754, 100, 16, 21457, 32607, 525.25, 77
2026/09/28 06:02:14.979, 100, 16, 21457, 32607, 524.96, 77
2026/09/28 06:02:15.204, 100, 16, 21457, 32607, 524.92, 77
2026/09/28 06:02:15.429, 100, 16, 21457, 32607, 525.26, 77
2026/09/28 06:02:15.652, 100, 16, 21457, 32607, 524.79, 77
2026/09/28 06:02:15.878, 100, 16, 21457, 32607, 525.00, 79
2026/09/28 06:02:16.103, 100, 16, 21457, 32607, 524.99, 79
2026/09/28 06:02:16.327, 100, 16, 21457, 32607, 524.78, 79
2026/09/28 06:02:16.551, 100, 16, 21457, 32607, 525.33, 79
2026/09/28 06:02:16.775, 100, 16, 21457, 32607, 524.81, 78
2026/09/28 06:02:16.999, 100, 16, 21457, 32607, 524.84, 78
2026/09/28 06:02:17.224, 100, 16, 21457, 32607, 525.38, 77
2026/09/28 06:02:17.451, 100, 16, 21457, 32607, 524.91, 77
2026/09/28 06:02:17.675, 100, 16, 21457, 32607, 524.80, 77
2026/09/28 06:02:17.900, 100, 16, 21457, 32607, 525.25, 78
2026/09/28 06:02:18.122, 100, 16, 21457, 32607, 524.93, 78
2026/09/28 06:02:18.348, 100, 16, 21457, 32607, 524.86, 79
2026/09/28 06:02:18.572, 100, 16, 21457, 32607, 524.78, 79
2026/09/28 06:02:18.796, 100, 19, 21493, 32607, 524.08, 79
2026/09/28 06:02:19.023, 100, 19, 22225, 32607, 522.17, 79
2026/09/28 06:02:19.250, 100, 19, 22225, 32607, 523.62, 77
2026/09/28 06:02:19.477, 100, 19, 22225, 32607, 523.65, 77
2026/09/28 06:02:19.703, 100, 47, 22225, 32607, 524.05, 77
2026/09/28 06:02:19.930, 100, 47, 22225, 32607, 524.43, 77
2026/09/28 06:02:20.157, 100, 47, 22225, 32607, 525.29, 77
2026/09/28 06:02:20.383, 100, 47, 22225, 32607, 524.85, 77
2026/09/28 06:02:20.611, 100, 47, 22225, 32607, 524.88, 77
2026/09/28 06:02:20.836, 100, 48, 22225, 32607, 525.08, 75
2026/09/28 06:02:21.060, 100, 48, 22225, 32607, 524.83, 75
2026/09/28 06:02:21.287, 100, 48, 22225, 32607, 479.77, 76
2026/09/28 06:02:21.511, 100, 48, 22225, 32607, 404.53, 76
2026/09/28 06:02:21.734, 98, 44, 22227, 32607, 369.66, 72
2026/09/28 06:02:21.958, 98, 44, 22227, 32607, 362.03, 72
2026/09/28 06:02:22.182, 98, 44, 22227, 32607, 377.30, 77
2026/09/28 06:02:22.409, 98, 44, 22227, 32607, 422.67, 77
2026/09/28 06:02:22.632, 98, 44, 22227, 32607, 536.57, 77
2026/09/28 06:02:22.855, 98, 44, 22227, 32607, 532.76, 79
2026/09/28 06:02:23.079, 98, 44, 22227, 32607, 525.22, 79
2026/09/28 06:02:23.302, 98, 44, 22227, 32607, 524.79, 79
2026/09/28 06:02:23.527, 98, 44, 22227, 32607, 525.24, 79
2026/09/28 06:02:23.753, 100, 18, 22227, 32607, 524.90, 78
2026/09/28 06:02:23.976, 100, 18, 22227, 32607, 524.96, 78
2026/09/28 06:02:24.200, 100, 18, 22227, 32607, 525.29, 77
2026/09/28 06:02:24.424, 100, 18, 22227, 32607, 524.78, 77
2026/09/28 06:02:24.648, 100, 18, 22227, 32607, 524.82, 77
2026/09/28 06:02:24.873, 100, 18, 22227, 32607, 525.29, 78
2026/09/28 06:02:25.096, 100, 18, 22227, 32607, 524.74, 78
2026/09/28 06:02:25.321, 100, 18, 22227, 32607, 524.92, 79
2026/09/28 06:02:25.546, 100, 18, 22227, 32607, 525.28, 79
2026/09/28 06:02:25.769, 100, 19, 22227, 32607, 524.88, 79
2026/09/28 06:02:25.994, 100, 19, 22227, 32607, 524.91, 79
2026/09/28 06:02:26.217, 100, 19, 22227, 32607, 524.95, 78
2026/09/28 06:02:26.441, 100, 19, 22227, 32607, 524.73, 78
2026/09/28 06:02:26.667, 100, 19, 22227, 32607, 525.32, 78
2026/09/28 06:02:26.891, 100, 19, 22227, 32607, 524.80, 77
2026/09/28 06:02:27.115, 100, 19, 22227, 32607, 524.76, 77
2026/09/28 06:02:27.340, 100, 19, 22227, 32607, 524.79, 78
2026/09/28 06:02:27.562, 100, 19, 22227, 32607, 524.74, 78
2026/09/28 06:02:27.788, 100, 16, 22227, 32607, 524.92, 79
2026/09/28 06:02:28.012, 100, 16, 22227, 32607, 525.24, 79
2026/09/28 06:02:28.236, 100, 16, 22227, 32607, 524.79, 79
2026/09/28 06:02:28.459, 100, 16, 22227, 32607, 525.04, 79
2026/09/28 06:02:28.681, 100, 18, 22227, 32607, 525.32, 78
2026/09/28 06:02:28.906, 100, 18, 22227, 32607, 524.72, 78
2026/09/28 06:02:29.131, 100, 18, 22227, 32607, 524.91, 78
2026/09/28 06:02:29.359, 100, 18, 22227, 32607, 524.85, 77
2026/09/28 06:02:29.583, 100, 18, 22227, 32607, 524.81, 77
2026/09/28 06:02:29.808, 100, 15, 22227, 32607, 525.29, 78
2026/09/28 06:02:30.032, 100, 15, 22227, 32607, 524.87, 78
2026/09/28 06:02:30.255, 100, 15, 22227, 32607, 524.74, 79
2026/09/28 06:02:30.479, 100, 15, 22227, 32607, 525.20, 79
2026/09/28 06:02:30.703, 100, 18, 22227, 32607, 524.76, 79
2026/09/28 06:02:30.928, 100, 18, 22227, 32607, 524.80, 79
2026/09/28 06:02:31.152, 100, 18, 22227, 32607, 525.58, 79
2026/09/28 06:02:31.374, 100, 18, 22227, 32607, 524.75, 78
2026/09/28 06:02:31.598, 100, 18, 22227, 32607, 524.94, 78
2026/09/28 06:02:31.821, 100, 18, 22227, 32607, 525.25, 77
2026/09/28 06:02:32.046, 100, 18, 22227, 32607, 524.82, 77
2026/09/28 06:02:32.270, 100, 15, 22227, 32607, 524.99, 79
2026/09/28 06:02:32.492, 100, 15, 22227, 32607, 525.34, 79
2026/09/28 06:02:32.715, 100, 15, 22227, 32607, 524.74, 79
2026/09/28 06:02:32.939, 100, 15, 22227, 32607, 524.80, 79
2026/09/28 06:02:33.165, 100, 15, 22227, 32607, 524.75, 79
2026/09/28 06:02:33.391, 100, 15, 22227, 32607, 524.78, 79
2026/09/28 06:02:33.616, 100, 15, 22227, 32607, 524.87, 79
2026/09/28 06:02:33.838, 100, 15, 22227, 32607, 525.62, 78
2026/09/28 06:02:34.062, 100, 15, 22227, 32607, 524.96, 78
2026/09/28 06:02:34.287, 100, 16, 22227, 32607, 525.26, 78
2026/09/28 06:02:34.511, 100, 16, 22227, 32607, 524.92, 78
2026/09/28 06:02:34.736, 100, 16, 22227, 32607, 524.84, 79
2026/09/28 06:02:34.960, 100, 16, 22227, 32607, 525.36, 79
2026/09/28 06:02:35.184, 100, 18, 22227, 32607, 524.78, 79
2026/09/28 06:02:35.407, 100, 18, 22227, 32607, 524.93, 79
2026/09/28 06:02:35.631, 100, 18, 22227, 32607, 524.44, 79
2026/09/28 06:02:35.856, 100, 18, 22227, 32607, 524.81, 79
2026/09/28 06:02:36.080, 100, 18, 22227, 32607, 524.92, 79
2026/09/28 06:02:36.306, 100, 15, 22227, 32607, 525.32, 77
2026/09/28 06:02:36.529, 100, 15, 22227, 32607, 524.76, 77
2026/09/28 06:02:36.751, 100, 15, 22227, 32607, 525.64, 78
2026/09/28 06:02:36.975, 100, 15, 22227, 32607, 524.99, 78
2026/09/28 06:02:37.198, 100, 15, 22227, 32607, 524.77, 79
2026/09/28 06:02:37.423, 100, 15, 22227, 32607, 525.27, 79
2026/09/28 06:02:37.649, 100, 15, 22227, 32607, 524.93, 79
2026/09/28 06:02:37.872, 100, 15, 22227, 32607, 524.84, 79
2026/09/28 06:02:38.095, 100, 15, 22227, 32607, 525.25, 79
2026/09/28 06:02:38.319, 100, 17, 22227, 32607, 524.75, 79
2026/09/28 06:02:38.543, 100, 17, 22227, 32607, 524.76, 79
2026/09/28 06:02:38.769, 100, 17, 22227, 32607, 525.29, 78
2026/09/28 06:02:38.992, 100, 17, 22227, 32607, 524.77, 78
2026/09/28 06:02:39.216, 100, 15, 22227, 32607, 524.92, 77
2026/09/28 06:02:39.438, 100, 15, 22227, 32607, 525.65, 77
2026/09/28 06:02:39.662, 100, 15, 22227, 32607, 524.73, 77
2026/09/28 06:02:39.887, 100, 15, 22227, 32607, 524.94, 77
2026/09/28 06:02:40.111, 100, 15, 22227, 32607, 525.30, 77
2026/09/28 06:02:40.336, 100, 19, 22227, 32607, 524.75, 79
2026/09/28 06:02:40.560, 100, 19, 22227, 32607, 525.20, 79
2026/09/28 06:02:40.783, 100, 19, 22227, 32607, 524.80, 78
2026/09/28 06:02:41.006, 100, 19, 22227, 32607, 524.82, 78
2026/09/28 06:02:41.230, 98, 17, 22227, 32607, 524.48, 78
2026/09/28 06:02:41.455, 98, 17, 22227, 32607, 524.92, 78
2026/09/28 06:02:41.682, 98, 17, 22227, 32607, 524.81, 79
2026/09/28 06:02:41.908, 98, 17, 22227, 32607, 525.24, 79
2026/09/28 06:02:42.131, 98, 17, 22227, 32607, 524.81, 79
2026/09/28 06:02:42.355, 98, 17, 22227, 32607, 524.87, 79
2026/09/28 06:02:42.579, 98, 17, 22227, 32607, 525.34, 79
2026/09/28 06:02:42.803, 98, 17, 22227, 32607, 524.75, 79
2026/09/28 06:02:43.031, 98, 17, 22227, 32607, 524.91, 79
2026/09/28 06:02:43.257, 100, 15, 22227, 32607, 525.24, 77
2026/09/28 06:02:43.480, 100, 15, 22227, 32607, 524.85, 77
2026/09/28 06:02:43.703, 100, 15, 22227, 32607, 524.90, 78
2026/09/28 06:02:43.926, 100, 15, 22227, 32607, 524.82, 78
2026/09/28 06:02:44.151, 100, 15, 22227, 32607, 524.73, 78
2026/09/28 06:02:44.376, 100, 15, 22227, 32607, 525.25, 79
2026/09/28 06:02:44.600, 100, 15, 22227, 32607, 524.77, 79
2026/09/28 06:02:44.823, 100, 15, 22227, 32607, 524.79, 79
2026/09/28 06:02:45.047, 100, 15, 22227, 32607, 525.54, 79
2026/09/28 06:02:45.272, 100, 19, 22227, 32607, 524.95, 79
2026/09/28 06:02:45.496, 100, 19, 22227, 32607, 524.91, 79
2026/09/28 06:02:45.721, 100, 19, 22227, 32607, 525.24, 77
2026/09/28 06:02:45.947, 100, 19, 22227, 32607, 524.81, 77
2026/09/28 06:02:46.172, 100, 19, 22227, 32607, 524.99, 77
2026/09/28 06:02:46.395, 100, 19, 22227, 32607, 525.33, 78
2026/09/28 06:02:46.618, 100, 19, 22227, 32607, 524.74, 78
2026/09/28 06:02:46.843, 100, 19, 22227, 32607, 524.80, 79
2026/09/28 06:02:47.068, 100, 19, 22227, 32607, 524.78, 79
2026/09/28 06:02:47.292, 100, 19, 22227, 32607, 524.82, 79
2026/09/28 06:02:47.517, 100, 19, 22227, 32607, 525.29, 79
2026/09/28 06:02:47.739, 100, 19, 22227, 32607, 525.85, 79
2026/09/28 06:02:47.963, 100, 19, 22227, 32607, 524.92, 79
2026/09/28 06:02:48.187, 100, 15, 22227, 32607, 525.29, 77
2026/09/28 06:02:48.411, 100, 15, 22227, 32607, 524.77, 77
2026/09/28 06:02:48.638, 100, 15, 22227, 32607, 524.80, 77
2026/09/28 06:02:48.863, 100, 15, 22227, 32607, 525.35, 77
2026/09/28 06:02:49.088, 100, 15, 22227, 32607, 524.76, 77
2026/09/28 06:02:49.311, 100, 15, 22227, 32607, 524.91, 79
2026/09/28 06:02:49.535, 100, 15, 22227, 32607, 524.50, 79
2026/09/28 06:02:49.760, 100, 19, 22227, 32607, 524.78, 79
2026/09/28 06:02:49.984, 100, 19, 22227, 32607, 524.88, 79
2026/09/28 06:02:50.211, 100, 19, 22227, 32607, 525.32, 79
2026/09/28 06:02:50.435, 100, 19, 22227, 32607, 524.77, 79
2026/09/28 06:02:50.659, 100, 19, 22227, 32607, 525.35, 79
2026/09/28 06:02:50.883, 100, 19, 22227, 32607, 524.77, 77
2026/09/28 06:02:51.107, 100, 19, 22227, 32607, 524.82, 77
2026/09/28 06:02:51.331, 100, 19, 22227, 32607, 525.26, 78
2026/09/28 06:02:51.556, 100, 19, 22227, 32607, 524.94, 78
2026/09/28 06:02:51.780, 100, 15, 22227, 32607, 524.91, 79
2026/09/28 06:02:52.006, 100, 15, 22227, 32607, 525.27, 79
2026/09/28 06:02:52.229, 100, 15, 22227, 32607, 524.75, 79
2026/09/28 06:02:52.453, 100, 15, 22227, 32607, 524.77, 79
2026/09/28 06:02:52.676, 100, 15, 22227, 32607, 525.29, 79
2026/09/28 06:02:52.900, 100, 15, 22227, 32607, 524.85, 79
2026/09/28 06:02:53.127, 100, 15, 22227, 32607, 524.92, 79
2026/09/28 06:02:53.352, 100, 15, 22227, 32607, 525.86, 78
2026/09/28 06:02:53.575, 100, 15, 22227, 32607, 524.85, 78
2026/09/28 06:02:53.799, 100, 16, 22227, 32607, 525.25, 78
2026/09/28 06:02:54.028, 100, 16, 22227, 32607, 524.82, 78
2026/09/28 06:02:54.251, 100, 16, 22227, 32607, 524.87, 79
2026/09/28 06:02:54.476, 100, 16, 22227, 32607, 525.29, 79
2026/09/28 06:02:54.699, 100, 19, 22227, 32607, 524.82, 79
2026/09/28 06:02:54.926, 100, 19, 22227, 32607, 524.85, 79
2026/09/28 06:02:55.151, 100, 19, 22227, 32607, 524.91, 79
2026/09/28 06:02:55.375, 100, 19, 22227, 32607, 524.73, 79
2026/09/28 06:02:55.601, 100, 19, 22227, 32607, 524.90, 79
2026/09/28 06:02:55.827, 100, 15, 22227, 32607, 525.23, 78
2026/09/28 06:02:56.052, 100, 15, 22227, 32607, 524.74, 78
2026/09/28 06:02:56.279, 100, 15, 22227, 32607, 525.33, 77
2026/09/28 06:02:56.503, 100, 15, 22227, 32607, 525.08, 77
2026/09/28 06:02:56.729, 100, 15, 22227, 32607, 524.82, 79
2026/09/28 06:02:56.953, 100, 15, 22227, 32607, 524.99, 79
2026/09/28 06:02:57.177, 100, 15, 22227, 32607, 524.96, 79
2026/09/28 06:02:57.402, 100, 18, 22227, 32607, 524.84, 79
2026/09/28 06:02:57.626, 100, 18, 22227, 32607, 525.12, 79
2026/09/28 06:02:57.851, 100, 17, 22227, 32607, 524.98, 78
2026/09/28 06:02:58.077, 100, 17, 22227, 32607, 524.92, 78
2026/09/28 06:02:58.302, 100, 17, 22227, 32607, 525.24, 77
2026/09/28 06:02:58.528, 100, 17, 22227, 32607, 524.77, 77
2026/09/28 06:02:58.753, 100, 15, 22227, 32607, 524.80, 79
2026/09/28 06:02:58.977, 100, 15, 22227, 32607, 525.41, 79
2026/09/28 06:02:59.202, 100, 15, 22227, 32607, 524.67, 79
2026/09/28 06:02:59.429, 100, 15, 22227, 32607, 524.92, 79
2026/09/28 06:02:59.652, 100, 15, 22227, 32607, 525.33, 79
2026/09/28 06:02:59.875, 100, 15, 22227, 32607, 524.79, 79
2026/09/28 06:03:00.098, 100, 15, 22227, 32607, 525.29, 79
2026/09/28 06:03:00.322, 100, 15, 22227, 32607, 524.87, 78
2026/09/28 06:03:00.549, 100, 15, 22227, 32607, 524.79, 78
2026/09/28 06:03:00.773, 100, 15, 22227, 32607, 525.19, 79
2026/09/28 06:03:00.999, 100, 15, 22227, 32607, 524.78, 79
2026/09/28 06:03:01.231, 100, 15, 22227, 32607, 524.83, 79
2026/09/28 06:03:01.455, 100, 15, 22227, 32607, 525.26, 79
2026/09/28 06:03:01.678, 100, 15, 22227, 32607, 524.83, 79
2026/09/28 06:03:01.901, 100, 15, 22227, 32607, 524.98, 79
2026/09/28 06:03:02.128, 100, 15, 22227, 32607, 525.25, 79
2026/09/28 06:03:02.352, 100, 15, 22227, 32607, 524.78, 79
2026/09/28 06:03:02.579, 100, 15, 22227, 32607, 525.30, 79
2026/09/28 06:03:02.804, 100, 15, 22227, 32607, 525.13, 78
2026/09/28 06:03:03.029, 100, 15, 22227, 32607, 524.84, 78
2026/09/28 06:03:03.252, 100, 15, 22227, 32607, 525.00, 78
2026/09/28 06:03:03.476, 100, 15, 22227, 32607, 524.72, 78
2026/09/28 06:03:03.699, 100, 15, 22227, 32607, 524.79, 79
2026/09/28 06:03:03.923, 100, 15, 22227, 32607, 525.05, 79
2026/09/28 06:03:04.148, 100, 15, 22227, 32607, 524.81, 79
2026/09/28 06:03:04.371, 100, 15, 22227, 32607, 525.46, 79
2026/09/28 06:03:04.596, 100, 15, 22227, 32607, 525.31, 79
2026/09/28 06:03:04.820, 100, 18, 22227, 32607, 524.79, 79
2026/09/28 06:03:05.045, 100, 18, 22227, 32607, 524.84, 79
2026/09/28 06:03:05.272, 100, 18, 22227, 32607, 525.33, 77
2026/09/28 06:03:05.496, 100, 18, 22227, 32607, 524.83, 77
2026/09/28 06:03:05.721, 100, 15, 22227, 32607, 524.89, 78
2026/09/28 06:03:05.946, 100, 15, 22227, 32607, 525.30, 78
2026/09/28 06:03:06.169, 100, 15, 22227, 32607, 524.25, 78
2026/09/28 06:03:06.394, 100, 15, 22227, 32607, 524.82, 78
2026/09/28 06:03:06.618, 100, 15, 22227, 32607, 525.08, 78
2026/09/28 06:03:06.843, 100, 19, 22227, 32607, 524.83, 79
2026/09/28 06:03:07.071, 100, 19, 22227, 32607, 525.26, 79
2026/09/28 06:03:07.297, 100, 19, 22227, 32607, 525.40, 79
2026/09/28 06:03:07.520, 100, 19, 22227, 32607, 524.83, 79
2026/09/28 06:03:07.744, 100, 15, 22227, 32607, 525.07, 78
2026/09/28 06:03:07.972, 100, 15, 22227, 32607, 524.74, 78
2026/09/28 06:03:08.196, 100, 15, 22227, 32607, 524.91, 78
2026/09/28 06:03:08.422, 100, 15, 22227, 32607, 525.23, 78
2026/09/28 06:03:08.649, 100, 15, 22227, 32607, 524.80, 78
2026/09/28 06:03:08.875, 100, 15, 22227, 32607, 524.95, 78
2026/09/28 06:03:09.102, 100, 15, 22227, 32607, 525.21, 78
2026/09/28 06:03:09.327, 100, 19, 22227, 32607, 524.84, 79
2026/09/28 06:03:09.551, 100, 19, 22227, 32607, 524.93, 79
2026/09/28 06:03:09.775, 100, 19, 22227, 32607, 524.95, 79
2026/09/28 06:03:10.000, 100, 19, 22227, 32607, 525.15, 79
2026/09/28 06:03:10.224, 100, 15, 22227, 32607, 525.30, 78
2026/09/28 06:03:10.451, 100, 15, 22227, 32607, 524.79, 78
2026/09/28 06:03:10.676, 100, 15, 22227, 32607, 524.93, 78
2026/09/28 06:03:10.899, 100, 15, 22227, 32607, 525.25, 78
2026/09/28 06:03:11.124, 100, 15, 22227, 32607, 524.78, 78
2026/09/28 06:03:11.350, 100, 16, 22227, 32607, 524.88, 79
2026/09/28 06:03:11.575, 100, 16, 22227, 32607, 525.30, 79
2026/09/28 06:03:11.800, 100, 16, 22227, 32607, 524.61, 79
2026/09/28 06:03:12.024, 100, 16, 22227, 32607, 524.88, 79
2026/09/28 06:03:12.248, 100, 16, 22227, 32607, 525.29, 78
2026/09/28 06:03:12.473, 100, 16, 22227, 32607, 524.80, 78
2026/09/28 06:03:12.697, 100, 16, 22227, 32607, 524.90, 77
2026/09/28 06:03:12.921, 100, 16, 22227, 32607, 524.98, 77
2026/09/28 06:03:13.146, 100, 16, 22227, 32607, 524.84, 77
2026/09/28 06:03:13.371, 100, 16, 22227, 32607, 525.26, 78
2026/09/28 06:03:13.596, 100, 16, 22227, 32607, 524.79, 78
2026/09/28 06:03:13.819, 100, 16, 22227, 32607, 524.86, 79
2026/09/28 06:03:14.044, 100, 16, 22227, 32607, 525.36, 79
2026/09/28 06:03:14.269, 100, 18, 22227, 32607, 524.76, 79
2026/09/28 06:03:14.493, 100, 18, 22227, 32607, 524.21, 79
2026/09/28 06:03:14.718, 100, 18, 22227, 32607, 525.20, 77
2026/09/28 06:03:14.943, 100, 18, 22227, 32607, 524.74, 77
2026/09/28 06:03:15.168, 100, 18, 22227, 32607, 524.90, 77
2026/09/28 06:03:15.391, 100, 18, 22227, 32607, 525.18, 78
2026/09/28 06:03:15.616, 100, 18, 22227, 32607, 524.78, 78
2026/09/28 06:03:15.840, 100, 18, 22227, 32607, 525.05, 79
2026/09/28 06:03:16.066, 100, 18, 22227, 32607, 524.93, 79
2026/09/28 06:03:16.291, 100, 17, 22227, 32607, 524.80, 79
2026/09/28 06:03:16.516, 100, 17, 22227, 32607, 525.26, 79
2026/09/28 06:03:16.742, 100, 17, 22227, 32607, 524.84, 79
2026/09/28 06:03:16.967, 100, 17, 22227, 32607, 524.93, 79
2026/09/28 06:03:17.192, 100, 16, 22227, 32607, 525.26, 78
2026/09/28 06:03:17.416, 100, 16, 22239, 32607, 521.08, 78
2026/09/28 06:03:17.642, 100, 16, 22239, 32607, 523.14, 78
2026/09/28 06:03:17.869, 100, 16, 22239, 32607, 523.86, 78
2026/09/28 06:03:18.092, 100, 16, 22239, 32607, 523.85, 78
2026/09/28 06:03:18.318, 100, 43, 22239, 32607, 523.74, 77
2026/09/28 06:03:18.544, 100, 43, 22239, 32607, 527.73, 77
2026/09/28 06:03:18.772, 100, 43, 22239, 32607, 525.16, 77
2026/09/28 06:03:18.999, 100, 43, 22239, 32607, 524.96, 77
2026/09/28 06:03:19.224, 100, 47, 22239, 32607, 524.77, 76
2026/09/28 06:03:19.451, 100, 47, 22239, 32607, 525.09, 76
2026/09/28 06:03:19.677, 100, 47, 22239, 32607, 506.08, 76
2026/09/28 06:03:19.901, 100, 47, 22239, 32607, 422.03, 76
2026/09/28 06:03:20.125, 100, 47, 22241, 32607, 398.48, 76
2026/09/28 06:03:20.351, 100, 17, 22241, 32607, 404.97, 78
2026/09/28 06:03:20.577, 100, 17, 22241, 32607, 405.80, 78
2026/09/28 06:03:20.804, 100, 17, 22241, 32607, 424.87, 77
2026/09/28 06:03:21.029, 100, 17, 22241, 32607, 538.13, 77
2026/09/28 06:03:21.252, 100, 15, 22241, 32607, 532.35, 78
2026/09/28 06:03:21.477, 100, 15, 22241, 32607, 524.88, 78
2026/09/28 06:03:21.703, 100, 15, 22241, 32607, 524.81, 79
2026/09/28 06:03:21.928, 100, 15, 22241, 32607, 525.27, 79
2026/09/28 06:03:22.152, 100, 15, 22241, 32607, 524.86, 79
2026/09/28 06:03:22.378, 100, 15, 22241, 32607, 524.92, 79
2026/09/28 06:03:22.602, 100, 15, 22241, 32607, 525.27, 79
2026/09/28 06:03:22.826, 100, 15, 22241, 32607, 524.77, 79
2026/09/28 06:03:23.050, 100, 15, 22241, 32607, 524.73, 79
2026/09/28 06:03:23.275, 100, 15, 22241, 32607, 525.30, 77
2026/09/28 06:03:23.499, 100, 15, 22241, 32607, 524.83, 77
2026/09/28 06:03:23.724, 100, 15, 22241, 32607, 524.91, 78
2026/09/28 06:03:23.950, 100, 15, 22241, 32607, 525.71, 78
2026/09/28 06:03:24.174, 100, 15, 22241, 32607, 524.78, 78
2026/09/28 06:03:24.398, 100, 15, 22241, 32607, 524.90, 79
2026/09/28 06:03:24.622, 100, 15, 22241, 32607, 525.04, 79
2026/09/28 06:03:24.847, 100, 15, 22241, 32607, 524.73, 79
2026/09/28 06:03:25.073, 100, 15, 22241, 32607, 525.30, 79
2026/09/28 06:03:25.297, 100, 16, 22241, 32607, 524.77, 79
2026/09/28 06:03:25.520, 100, 16, 22241, 32607, 524.80, 79
2026/09/28 06:03:25.744, 98, 17, 22241, 32607, 524.73, 77
2026/09/28 06:03:25.968, 98, 17, 22241, 32607, 524.73, 77
2026/09/28 06:03:26.192, 98, 17, 22241, 32607, 524.93, 78
2026/09/28 06:03:26.417, 98, 17, 22241, 32607, 525.27, 78
2026/09/28 06:03:26.642, 98, 17, 22241, 32607, 524.82, 78
2026/09/28 06:03:26.865, 98, 17, 22241, 32607, 524.98, 79
2026/09/28 06:03:27.089, 98, 17, 22241, 32607, 525.34, 79
2026/09/28 06:03:27.312, 98, 17, 22241, 32607, 524.77, 79
2026/09/28 06:03:27.536, 98, 17, 22241, 32607, 524.91, 79
2026/09/28 06:03:27.761, 100, 15, 22241, 32607, 524.88, 77
2026/09/28 06:03:27.985, 100, 15, 22241, 32607, 524.73, 77
2026/09/28 06:03:28.208, 100, 15, 22241, 32607, 524.90, 78
2026/09/28 06:03:28.431, 100, 15, 22241, 32607, 525.29, 78
2026/09/28 06:03:28.655, 100, 15, 22241, 32607, 524.79, 78
2026/09/28 06:03:28.882, 100, 15, 22241, 32607, 525.29, 79
2026/09/28 06:03:29.108, 100, 15, 22241, 32607, 524.92, 79
2026/09/28 06:03:29.334, 100, 15, 22241, 32607, 524.79, 79
2026/09/28 06:03:29.557, 100, 15, 22241, 32607, 524.89, 79
2026/09/28 06:03:29.781, 100, 17, 22241, 32607, 524.90, 79
2026/09/28 06:03:30.006, 100, 17, 22241, 32607, 524.81, 79
2026/09/28 06:03:30.229, 100, 17, 22241, 32607, 525.26, 78
2026/09/28 06:03:30.454, 100, 17, 22241, 32607, 524.79, 78
2026/09/28 06:03:30.678, 100, 17, 22241, 32607, 524.92, 78
2026/09/28 06:03:30.902, 100, 17, 22241, 32607, 525.26, 78
2026/09/28 06:03:31.127, 100, 17, 22241, 32607, 524.75, 78
2026/09/28 06:03:31.352, 100, 17, 22241, 32607, 524.71, 79
2026/09/28 06:03:31.576, 100, 17, 22241, 32607, 525.28, 79
2026/09/28 06:03:31.801, 100, 18, 22241, 32607, 524.84, 79
2026/09/28 06:03:32.026, 100, 18, 22241, 32607, 525.27, 79
2026/09/28 06:03:32.250, 100, 18, 22241, 32607, 525.80, 77
2026/09/28 06:03:32.473, 100, 18, 22241, 32607, 524.91, 77
2026/09/28 06:03:32.697, 100, 15, 22241, 32607, 524.90, 78
2026/09/28 06:03:32.920, 100, 15, 22241, 32607, 525.31, 78
2026/09/28 06:03:33.145, 100, 15, 22241, 32607, 524.76, 78
2026/09/28 06:03:33.372, 100, 15, 22241, 32607, 525.35, 78
2026/09/28 06:03:33.596, 100, 15, 22241, 32607, 524.81, 78
2026/09/28 06:03:33.820, 100, 19, 22241, 32607, 524.82, 79
2026/09/28 06:03:34.043, 100, 19, 22241, 32607, 524.43, 79
2026/09/28 06:03:34.268, 100, 19, 22241, 32607, 524.76, 79
2026/09/28 06:03:34.493, 100, 19, 22241, 32607, 524.76, 79
2026/09/28 06:03:34.720, 100, 15, 22241, 32607, 525.21, 78
2026/09/28 06:03:34.946, 100, 15, 22241, 32607, 524.79, 78
2026/09/28 06:03:35.171, 100, 15, 22241, 32607, 524.90, 78
2026/09/28 06:03:35.395, 100, 15, 22241, 32607, 525.20, 78
2026/09/28 06:03:35.619, 100, 15, 22241, 32607, 524.73, 78
2026/09/28 06:03:35.843, 100, 16, 22241, 32607, 524.91, 79
2026/09/28 06:03:36.071, 100, 16, 22241, 32607, 525.31, 79
2026/09/28 06:03:36.297, 100, 16, 22241, 32607, 524.79, 79
2026/09/28 06:03:36.522, 100, 16, 22241, 32607, 524.97, 79
2026/09/28 06:03:36.746, 100, 16, 22241, 32607, 525.29, 78
2026/09/28 06:03:36.968, 100, 16, 22241, 32607, 524.70, 78
2026/09/28 06:03:37.192, 100, 16, 22241, 32607, 525.27, 78
2026/09/28 06:03:37.417, 100, 16, 22241, 32607, 525.21, 78
2026/09/28 06:03:37.642, 100, 16, 22241, 32607, 524.71, 78
2026/09/28 06:03:37.867, 100, 16, 22241, 32607, 525.33, 80
2026/09/28 06:03:38.091, 100, 16, 22241, 32607, 524.97, 80
2026/09/28 06:03:38.315, 100, 16, 22241, 32607, 524.80, 79
2026/09/28 06:03:38.539, 100, 16, 22241, 32607, 524.95, 79
2026/09/28 06:03:38.763, 100, 18, 22241, 32607, 524.80, 79
2026/09/28 06:03:38.988, 100, 18, 22241, 32607, 524.95, 79
2026/09/28 06:03:39.213, 100, 18, 22241, 32607, 525.30, 78
2026/09/28 06:03:39.437, 100, 18, 22241, 32607, 524.83, 78
2026/09/28 06:03:39.661, 100, 18, 22241, 32607, 524.85, 78
2026/09/28 06:03:39.884, 100, 18, 22241, 32607, 525.23, 78
2026/09/28 06:03:40.109, 100, 18, 22241, 32607, 524.85, 78
2026/09/28 06:03:40.333, 100, 18, 22241, 32607, 524.92, 79
2026/09/28 06:03:40.560, 100, 18, 22241, 32607, 525.70, 79
2026/09/28 06:03:40.784, 100, 19, 22241, 32607, 524.88, 79
2026/09/28 06:03:41.009, 100, 19, 22241, 32607, 525.22, 79
2026/09/28 06:03:41.234, 100, 19, 22241, 32607, 525.28, 79
2026/09/28 06:03:41.459, 100, 19, 22241, 32607, 524.79, 79
2026/09/28 06:03:41.682, 100, 19, 22241, 32607, 524.90, 79
2026/09/28 06:03:41.909, 100, 19, 22241, 32607, 524.93, 78
2026/09/28 06:03:42.134, 100, 19, 22241, 32607, 524.82, 78
2026/09/28 06:03:42.360, 100, 19, 22241, 32607, 524.95, 78
2026/09/28 06:03:42.585, 100, 19, 22241, 32607, 524.79, 78
2026/09/28 06:03:42.811, 100, 18, 22241, 32607, 524.83, 79
2026/09/28 06:03:43.035, 100, 18, 22241, 32607, 525.30, 79
2026/09/28 06:03:43.260, 100, 18, 22241, 32607, 524.82, 79
2026/09/28 06:03:43.483, 100, 18, 22241, 32607, 524.88, 79
2026/09/28 06:03:43.709, 100, 15, 22241, 32607, 525.24, 77
2026/09/28 06:03:43.933, 100, 15, 22241, 32607, 524.79, 77
2026/09/28 06:03:44.156, 100, 15, 22241, 32607, 524.86, 77
2026/09/28 06:03:44.381, 100, 15, 22241, 32607, 525.33, 79
2026/09/28 06:03:44.605, 100, 15, 22241, 32607, 524.73, 79
2026/09/28 06:03:44.829, 100, 15, 22241, 32607, 524.93, 80
2026/09/28 06:03:45.054, 100, 15, 22241, 32607, 525.24, 80
2026/09/28 06:03:45.278, 98, 19, 22241, 32607, 524.70, 79
2026/09/28 06:03:45.501, 98, 19, 22241, 32607, 524.86, 79
2026/09/28 06:03:45.725, 98, 19, 22241, 32607, 525.33, 79
2026/09/28 06:03:45.951, 98, 19, 22241, 32607, 524.84, 79
2026/09/28 06:03:46.176, 98, 19, 22241, 32607, 525.26, 79
2026/09/28 06:03:46.402, 98, 19, 22241, 32607, 525.01, 78
2026/09/28 06:03:46.627, 98, 19, 22241, 32607, 524.79, 78
2026/09/28 06:03:46.851, 98, 19, 22241, 32607, 524.89, 78
2026/09/28 06:03:47.076, 98, 19, 22241, 32607, 524.82, 78
2026/09/28 06:03:47.299, 100, 16, 22241, 32607, 524.92, 79
2026/09/28 06:03:47.526, 100, 16, 22241, 32607, 525.27, 79
2026/09/28 06:03:47.751, 100, 16, 22241, 32607, 524.79, 79
2026/09/28 06:03:47.976, 100, 16, 22241, 32607, 524.78, 79
2026/09/28 06:03:48.198, 100, 15, 22241, 32607, 525.19, 78
2026/09/28 06:03:48.422, 100, 15, 22241, 32607, 524.70, 78
2026/09/28 06:03:48.646, 100, 15, 22241, 32607, 524.93, 78
2026/09/28 06:03:48.872, 100, 15, 22241, 32607, 525.33, 78
2026/09/28 06:03:49.096, 100, 15, 22241, 32607, 524.84, 78
2026/09/28 06:03:49.320, 100, 15, 22241, 32607, 524.96, 79
2026/09/28 06:03:49.544, 100, 15, 22241, 32607, 525.22, 79
2026/09/28 06:03:49.768, 100, 15, 22241, 32607, 524.79, 79
2026/09/28 06:03:49.994, 100, 15, 22241, 32607, 525.26, 79
2026/09/28 06:03:50.218, 100, 17, 22241, 32607, 525.19, 79
2026/09/28 06:03:50.442, 100, 17, 22241, 32607, 524.80, 79
2026/09/28 06:03:50.667, 100, 17, 22241, 32607, 524.54, 79
2026/09/28 06:03:50.891, 100, 17, 22241, 32607, 524.68, 79
2026/09/28 06:03:51.116, 100, 17, 22241, 32607, 524.78, 79
2026/09/28 06:03:51.340, 100, 15, 22241, 32607, 525.00, 78
2026/09/28 06:03:51.564, 100, 15, 22241, 32607, 524.71, 78
2026/09/28 06:03:51.791, 100, 15, 22241, 32607, 524.91, 79
2026/09/28 06:03:52.017, 100, 15, 22241, 32607, 525.26, 79
2026/09/28 06:03:52.243, 100, 19, 22241, 32607, 524.81, 79
2026/09/28 06:03:52.466, 100, 19, 22241, 32607, 524.95, 79
2026/09/28 06:03:52.690, 100, 19, 22241, 32607, 525.30, 79
2026/09/28 06:03:52.914, 100, 19, 22241, 32607, 524.72, 79
2026/09/28 06:03:53.137, 100, 19, 22241, 32607, 524.91, 79
2026/09/28 06:03:53.362, 100, 19, 22241, 32607, 524.85, 78
2026/09/28 06:03:53.587, 100, 19, 22241, 32607, 524.69, 78
2026/09/28 06:03:53.811, 100, 19, 22241, 32607, 524.89, 80
2026/09/28 06:03:54.036, 100, 19, 22241, 32607, 525.35, 80
2026/09/28 06:03:54.259, 100, 18, 22241, 32607, 524.81, 79
2026/09/28 06:03:54.486, 100, 18, 22241, 32607, 525.92, 79
2026/09/28 06:03:54.713, 100, 18, 22241, 32607, 524.85, 79
2026/09/28 06:03:54.939, 100, 18, 22241, 32607, 524.83, 79
2026/09/28 06:03:55.164, 100, 18, 22241, 32607, 525.23, 79
2026/09/28 06:03:55.391, 100, 18, 22241, 32607, 524.77, 78
2026/09/28 06:03:55.616, 100, 18, 22241, 32607, 524.81, 78
2026/09/28 06:03:55.840, 100, 18, 22241, 32607, 525.28, 78
2026/09/28 06:03:56.064, 100, 18, 22241, 32607, 524.72, 78
2026/09/28 06:03:56.291, 100, 15, 22241, 32607, 524.45, 79
2026/09/28 06:03:56.516, 100, 15, 22241, 32607, 525.20, 79
2026/09/28 06:03:56.742, 100, 15, 22241, 32607, 524.88, 79
2026/09/28 06:03:56.967, 100, 15, 22241, 32607, 524.88, 79
2026/09/28 06:03:57.191, 100, 16, 22241, 32607, 525.28, 79
2026/09/28 06:03:57.416, 100, 16, 22241, 32607, 524.83, 79
2026/09/28 06:03:57.641, 100, 16, 22241, 32607, 524.92, 79
2026/09/28 06:03:57.868, 100, 16, 22241, 32607, 524.80, 79
2026/09/28 06:03:58.094, 100, 16, 22241, 32607, 524.76, 79
2026/09/28 06:03:58.320, 100, 15, 22241, 32607, 524.93, 78
2026/09/28 06:03:58.546, 100, 15, 22241, 32607, 525.32, 78
2026/09/28 06:03:58.769, 100, 15, 22241, 32607, 524.86, 79
2026/09/28 06:03:58.993, 100, 15, 22241, 32607, 525.26, 79
2026/09/28 06:03:59.216, 100, 19, 22241, 32607, 524.86, 79
2026/09/28 06:03:59.441, 100, 19, 22241, 32607, 524.77, 79
2026/09/28 06:03:59.665, 100, 19, 22241, 32607, 525.22, 79
2026/09/28 06:03:59.889, 100, 19, 22241, 32607, 524.75, 79
2026/09/28 06:04:00.112, 100, 19, 22241, 32607, 524.97, 79
2026/09/28 06:04:00.336, 100, 15, 22241, 32607, 525.34, 79
2026/09/28 06:04:00.561, 100, 15, 22241, 32607, 524.75, 79
2026/09/28 06:04:00.788, 100, 15, 22241, 32607, 524.91, 79
2026/09/28 06:04:01.014, 100, 15, 22241, 32607, 525.30, 79
2026/09/28 06:04:01.239, 100, 19, 22241, 32607, 524.74, 79
2026/09/28 06:04:01.463, 100, 19, 22241, 32607, 524.89, 79
2026/09/28 06:04:01.689, 100, 18, 22241, 32607, 524.81, 79
2026/09/28 06:04:01.917, 100, 18, 22241, 32607, 524.63, 79
2026/09/28 06:04:02.140, 100, 18, 22241, 32607, 524.88, 79
2026/09/28 06:04:02.366, 100, 18, 22241, 32607, 524.89, 78
2026/09/28 06:04:02.591, 100, 18, 22241, 32607, 524.80, 78
2026/09/28 06:04:02.816, 100, 15, 22241, 32607, 525.29, 78
2026/09/28 06:04:03.038, 100, 15, 22241, 32607, 524.98, 78
2026/09/28 06:04:03.262, 100, 15, 22241, 32607, 524.78, 79
2026/09/28 06:04:03.487, 100, 15, 22241, 32607, 525.26, 79
2026/09/28 06:04:03.711, 100, 19, 22241, 32607, 524.81, 79
2026/09/28 06:04:03.936, 100, 19, 22241, 32607, 524.81, 79
2026/09/28 06:04:04.162, 100, 19, 22241, 32607, 525.36, 79
2026/09/28 06:04:04.387, 100, 19, 22241, 32607, 524.76, 79
2026/09/28 06:04:04.611, 100, 19, 22241, 32607, 524.14, 79
2026/09/28 06:04:04.835, 100, 15, 22241, 32607, 525.15, 78
2026/09/28 06:04:05.058, 100, 15, 22241, 32607, 524.73, 78
2026/09/28 06:04:05.283, 100, 15, 22241, 32607, 524.89, 78
2026/09/28 06:04:05.510, 100, 15, 22241, 32607, 525.31, 78
2026/09/28 06:04:05.735, 100, 18, 22241, 32607, 524.79, 79
2026/09/28 06:04:05.959, 100, 18, 22241, 32607, 525.26, 79
2026/09/28 06:04:06.184, 100, 18, 22241, 32607, 524.96, 79
2026/09/28 06:04:06.409, 100, 18, 22241, 32607, 524.82, 79
2026/09/28 06:04:06.633, 100, 18, 22241, 32607, 525.26, 79
2026/09/28 06:04:06.858, 100, 15, 22241, 32607, 524.89, 78
2026/09/28 06:04:07.083, 100, 15, 22241, 32607, 524.92, 78
2026/09/28 06:04:07.309, 100, 15, 22241, 32607, 525.27, 79
2026/09/28 06:04:07.532, 100, 15, 22241, 32607, 524.73, 79
2026/09/28 06:04:07.756, 100, 15, 22241, 32607, 524.79, 80
2026/09/28 06:04:07.979, 100, 15, 22241, 32607, 525.27, 80
2026/09/28 06:04:08.206, 100, 15, 22241, 32607, 524.81, 79
2026/09/28 06:04:08.432, 100, 15, 22241, 32607, 525.41, 79
2026/09/28 06:04:08.657, 100, 15, 22241, 32607, 525.28, 79
2026/09/28 06:04:08.879, 100, 15, 22241, 32607, 524.70, 79
2026/09/28 06:04:09.103, 100, 15, 22241, 32607, 524.98, 79
2026/09/28 06:04:09.329, 100, 15, 22241, 32607, 525.36, 78
2026/09/28 06:04:09.553, 100, 15, 22241, 32607, 524.75, 78
2026/09/28 06:04:09.778, 100, 15, 22241, 32607, 525.07, 78
2026/09/28 06:04:10.003, 100, 15, 22241, 32607, 524.95, 78
2026/09/28 06:04:10.228, 100, 15, 22241, 32607, 524.28, 79
2026/09/28 06:04:10.451, 100, 15, 22241, 32607, 524.83, 79
2026/09/28 06:04:10.675, 100, 15, 22241, 32607, 524.79, 79
2026/09/28 06:04:10.898, 100, 15, 22241, 32607, 524.84, 79
2026/09/28 06:04:11.123, 100, 15, 22241, 32607, 525.28, 79
2026/09/28 06:04:11.349, 100, 15, 22241, 32607, 525.43, 79
2026/09/28 06:04:11.574, 100, 15, 22241, 32607, 524.92, 79
2026/09/28 06:04:11.799, 100, 15, 22241, 32607, 525.24, 78
2026/09/28 06:04:12.022, 100, 15, 22241, 32607, 524.84, 78
2026/09/28 06:04:12.246, 100, 15, 22241, 32607, 524.94, 78
2026/09/28 06:04:12.472, 100, 15, 22241, 32607, 525.24, 78
2026/09/28 06:04:12.697, 100, 17, 22241, 32607, 524.73, 80
2026/09/28 06:04:12.921, 100, 17, 22241, 32607, 525.31, 80
2026/09/28 06:04:13.146, 100, 17, 22241, 32607, 525.18, 80
2026/09/28 06:04:13.371, 100, 17, 22241, 32607, 524.78, 80
2026/09/28 06:04:13.596, 100, 17, 22241, 32607, 524.96, 80
2026/09/28 06:04:13.820, 100, 15, 22241, 32607, 524.77, 78
2026/09/28 06:04:14.046, 100, 15, 22241, 32607, 525.23, 78
2026/09/28 06:04:14.272, 100, 15, 22241, 32607, 525.26, 79
2026/09/28 06:04:14.496, 100, 15, 22241, 32607, 524.91, 79
2026/09/28 06:04:14.720, 100, 15, 22241, 32607, 524.82, 80
2026/09/28 06:04:14.946, 100, 15, 22241, 32607, 525.28, 80
2026/09/28 06:04:15.170, 100, 15, 22241, 32607, 524.77, 80
2026/09/28 06:04:15.393, 100, 15, 22241, 32607, 524.93, 80
2026/09/28 06:04:15.619, 100, 15, 22241, 32607, 525.26, 80
2026/09/28 06:04:15.847, 100, 19, 22247, 32607, 518.49, 79
2026/09/28 06:04:16.073, 100, 19, 22247, 32607, 523.60, 79
2026/09/28 06:04:16.298, 100, 19, 22247, 32607, 523.82, 77
2026/09/28 06:04:16.523, 100, 19, 22247, 32607, 523.55, 77
2026/09/28 06:04:16.752, 100, 47, 22247, 32607, 523.55, 76
2026/09/28 06:04:16.979, 100, 47, 22247, 32607, 527.12, 76
2026/09/28 06:04:17.204, 100, 47, 22247, 32607, 525.02, 78
2026/09/28 06:04:17.431, 100, 47, 22247, 32607, 524.80, 78
2026/09/28 06:04:17.657, 100, 47, 22247, 32607, 525.35, 78
2026/09/28 06:04:17.883, 100, 47, 22247, 32607, 524.89, 77
2026/09/28 06:04:18.108, 100, 47, 22247, 32607, 523.10, 77
2026/09/28 06:04:18.333, 100, 47, 22247, 32607, 449.20, 66
2026/09/28 06:04:18.555, 100, 47, 22249, 32607, 358.53, 66
2026/09/28 06:04:18.779, 99, 31, 22249, 32607, 342.00, 77
2026/09/28 06:04:19.004, 99, 31, 22249, 32607, 343.26, 77
2026/09/28 06:04:19.231, 99, 31, 22249, 32607, 385.71, 79
2026/09/28 06:04:19.455, 99, 31, 22249, 32607, 468.47, 79
2026/09/28 06:04:19.678, 99, 31, 22249, 32607, 530.18, 79
2026/09/28 06:04:19.901, 99, 31, 22249, 32607, 526.41, 79
2026/09/28 06:04:20.126, 99, 31, 22249, 32607, 525.29, 79
2026/09/28 06:04:20.351, 100, 17, 22249, 32607, 524.78, 78
2026/09/28 06:04:20.576, 100, 17, 22249, 32607, 524.85, 78
2026/09/28 06:04:20.800, 100, 17, 22249, 32607, 525.23, 78
2026/09/28 06:04:21.024, 100, 17, 22249, 32607, 524.74, 78
2026/09/28 06:04:21.249, 100, 15, 22249, 32607, 524.92, 78
2026/09/28 06:04:21.473, 100, 15, 22249, 32607, 525.06, 78
2026/09/28 06:04:21.697, 100, 15, 22249, 32607, 524.80, 79
2026/09/28 06:04:21.922, 100, 15, 22249, 32607, 525.00, 79
2026/09/28 06:04:22.145, 100, 15, 22249, 32607, 525.32, 79
2026/09/28 06:04:22.369, 100, 15, 22249, 32607, 524.83, 79
2026/09/28 06:04:22.593, 100, 15, 22249, 32607, 525.09, 79
2026/09/28 06:04:22.817, 100, 15, 22249, 32607, 524.81, 78
2026/09/28 06:04:23.042, 100, 15, 22249, 32607, 524.75, 78
2026/09/28 06:04:23.269, 100, 15, 22249, 32607, 525.25, 77
2026/09/28 06:04:23.495, 100, 15, 22249, 32607, 524.90, 77
2026/09/28 06:04:23.718, 100, 15, 22249, 32607, 524.80, 80
2026/09/28 06:04:23.943, 100, 15, 22249, 32607, 525.28, 80
2026/09/28 06:04:24.169, 100, 15, 22249, 32607, 524.80, 80
2026/09/28 06:04:24.393, 100, 15, 22249, 32607, 524.79, 79
2026/09/28 06:04:24.618, 100, 15, 22249, 32607, 525.22, 79
2026/09/28 06:04:24.844, 100, 15, 22249, 32607, 524.77, 79
2026/09/28 06:04:25.069, 100, 15, 22249, 32607, 525.30, 79
2026/09/28 06:04:25.294, 100, 15, 22249, 32607, 525.36, 77
2026/09/28 06:04:25.519, 100, 15, 22249, 32607, 524.76, 77
2026/09/28 06:04:25.743, 100, 15, 22249, 32607, 524.93, 78
2026/09/28 06:04:25.968, 100, 15, 22249, 32607, 524.94, 78
2026/09/28 06:04:26.193, 100, 15, 22249, 32607, 524.80, 80
2026/09/28 06:04:26.417, 100, 15, 22249, 32607, 525.27, 80
2026/09/28 06:04:26.641, 100, 15, 22249, 32607, 525.34, 80
2026/09/28 06:04:26.866, 100, 15, 22249, 32607, 524.77, 80
2026/09/28 06:04:27.090, 100, 15, 22249, 32607, 525.22, 80
2026/09/28 06:04:27.313, 100, 16, 22249, 32607, 524.74, 79
2026/09/28 06:04:27.537, 100, 16, 22249, 32607, 524.80, 79
2026/09/28 06:04:27.762, 100, 16, 22249, 32607, 525.27, 78
2026/09/28 06:04:27.988, 100, 16, 22249, 32607, 525.53, 78
2026/09/28 06:04:28.212, 100, 15, 22249, 32607, 524.90, 79
2026/09/28 06:04:28.437, 100, 15, 22249, 32607, 525.22, 79
2026/09/28 06:04:28.662, 100, 15, 22249, 32607, 524.73, 79
2026/09/28 06:04:28.887, 100, 15, 22249, 32607, 524.83, 79
2026/09/28 06:04:29.112, 100, 15, 22249, 32607, 525.24, 79
2026/09/28 06:04:29.336, 100, 18, 22249, 32607, 524.70, 79
2026/09/28 06:04:29.560, 100, 18, 22249, 32607, 524.91, 79
2026/09/28 06:04:29.786, 100, 18, 22249, 32607, 524.74, 77
2026/09/28 06:04:30.011, 100, 18, 22249, 32607, 524.71, 77
2026/09/28 06:04:30.235, 100, 15, 22249, 32607, 524.91, 79
2026/09/28 06:04:30.460, 100, 15, 22249, 32607, 524.77, 79
2026/09/28 06:04:30.684, 100, 15, 22249, 32607, 524.79, 79
2026/09/28 06:04:30.909, 100, 15, 22249, 32607, 525.31, 79
2026/09/28 06:04:31.132, 100, 15, 22249, 32607, 525.02, 79
2026/09/28 06:04:31.356, 100, 19, 22249, 32607, 524.73, 79
2026/09/28 06:04:31.581, 100, 19, 22249, 32607, 525.23, 79
2026/09/28 06:04:31.806, 100, 19, 22249, 32607, 524.78, 79
2026/09/28 06:04:32.032, 100, 19, 22249, 32607, 524.79, 79
2026/09/28 06:04:32.255, 100, 15, 22249, 32607, 525.29, 78
2026/09/28 06:04:32.479, 100, 15, 22249, 32607, 524.66, 78
2026/09/28 06:04:32.704, 100, 15, 22249, 32607, 524.77, 79
2026/09/28 06:04:32.930, 100, 15, 22249, 32607, 525.22, 79
2026/09/28 06:04:33.155, 100, 15, 22249, 32607, 524.90, 79
2026/09/28 06:04:33.382, 100, 15, 22249, 32607, 524.92, 80
2026/09/28 06:04:33.607, 100, 15, 22249, 32607, 525.84, 80
2026/09/28 06:04:33.831, 100, 15, 22249, 32607, 524.77, 79
2026/09/28 06:04:34.054, 100, 15, 22249, 32607, 524.80, 79
2026/09/28 06:04:34.277, 100, 15, 22249, 32607, 525.17, 78
2026/09/28 06:04:34.502, 100, 15, 22249, 32607, 524.82, 78
2026/09/28 06:04:34.729, 100, 15, 22249, 32607, 524.94, 79
2026/09/28 06:04:34.955, 100, 15, 22249, 32607, 525.33, 79
2026/09/28 06:04:35.181, 100, 15, 22249, 32607, 524.78, 79
2026/09/28 06:04:35.407, 100, 15, 22249, 32607, 524.52, 80
2026/09/28 06:04:35.632, 100, 15, 22249, 32607, 525.14, 80
2026/09/28 06:04:35.857, 100, 15, 22249, 32607, 524.79, 79
2026/09/28 06:04:36.082, 100, 15, 22249, 32607, 525.24, 79
2026/09/28 06:04:36.309, 100, 16, 22249, 32607, 524.80, 79
2026/09/28 06:04:36.534, 100, 16, 22249, 32607, 525.30, 79
2026/09/28 06:04:36.759, 100, 16, 22249, 32607, 525.26, 78
2026/09/28 06:04:36.982, 100, 16, 22249, 32607, 524.75, 78
2026/09/28 06:04:37.206, 100, 15, 22249, 32607, 524.84, 78
2026/09/28 06:04:37.430, 100, 15, 22249, 32607, 525.23, 78
2026/09/28 06:04:37.658, 100, 15, 22249, 32607, 524.77, 78
2026/09/28 06:04:37.884, 100, 15, 22249, 32607, 524.94, 78
2026/09/28 06:04:38.112, 100, 15, 22249, 32607, 525.30, 78
2026/09/28 06:04:38.336, 98, 18, 22249, 32607, 524.72, 79
2026/09/28 06:04:38.560, 98, 18, 22249, 32607, 524.89, 79
2026/09/28 06:04:38.786, 100, 15, 22249, 32607, 525.30, 78
2026/09/28 06:04:39.011, 100, 15, 22249, 32607, 524.74, 78
2026/09/28 06:04:39.235, 100, 15, 22249, 32607, 524.87, 78
2026/09/28 06:04:39.461, 100, 15, 22249, 32607, 524.95, 78
2026/09/28 06:04:39.685, 100, 15, 22249, 32607, 524.78, 78
2026/09/28 06:04:39.909, 100, 15, 22249, 32607, 524.87, 80
2026/09/28 06:04:40.132, 100, 15, 22249, 32607, 524.89, 80
2026/09/28 06:04:40.356, 100, 15, 22249, 32607, 524.73, 80
2026/09/28 06:04:40.580, 100, 15, 22249, 32607, 525.27, 80
2026/09/28 06:04:40.806, 100, 17, 22249, 32607, 524.78, 79
2026/09/28 06:04:41.031, 100, 17, 22249, 32607, 524.68, 79
2026/09/28 06:04:41.254, 100, 17, 22249, 32607, 525.27, 78
2026/09/28 06:04:41.478, 100, 17, 22249, 32607, 524.72, 78
2026/09/28 06:04:41.702, 100, 15, 22249, 32607, 524.87, 78
2026/09/28 06:04:41.927, 100, 15, 22249, 32607, 525.25, 78
2026/09/28 06:04:42.152, 100, 15, 22249, 32607, 524.90, 78
2026/09/28 06:04:42.378, 100, 15, 22249, 32607, 524.93, 78
2026/09/28 06:04:42.602, 100, 15, 22249, 32607, 525.23, 78
2026/09/28 06:04:42.828, 100, 18, 22249, 32607, 524.77, 79
2026/09/28 06:04:43.052, 100, 18, 22249, 32607, 524.92, 79
2026/09/28 06:04:43.276, 100, 18, 22249, 32607, 525.33, 78
2026/09/28 06:04:43.500, 100, 18, 22249, 32607, 524.84, 78
2026/09/28 06:04:43.724, 98, 17, 22249, 32607, 524.47, 79
2026/09/28 06:04:43.949, 98, 17, 22249, 32607, 525.13, 79
2026/09/28 06:04:44.173, 98, 17, 22249, 32607, 524.80, 79
2026/09/28 06:04:44.397, 98, 17, 22249, 32607, 525.27, 79
2026/09/28 06:04:44.620, 98, 17, 22249, 32607, 525.32, 79
2026/09/28 06:04:44.848, 100, 19, 22249, 32607, 524.77, 80
2026/09/28 06:04:45.073, 100, 19, 22249, 32607, 525.25, 80
2026/09/28 06:04:45.297, 100, 19, 22249, 32607, 524.78, 79
2026/09/28 06:04:45.520, 100, 19, 22249, 32607, 524.83, 79
2026/09/28 06:04:45.743, 100, 15, 22249, 32607, 525.27, 78
2026/09/28 06:04:45.969, 100, 15, 22249, 32607, 524.73, 78
2026/09/28 06:04:46.194, 100, 15, 22249, 32607, 524.82, 78
2026/09/28 06:04:46.419, 100, 15, 22249, 32607, 525.23, 78
2026/09/28 06:04:46.646, 100, 15, 22249, 32607, 524.83, 78
2026/09/28 06:04:46.869, 100, 15, 22249, 32607, 525.26, 80
2026/09/28 06:04:47.092, 100, 15, 22249, 32607, 525.23, 80
2026/09/28 06:04:47.317, 100, 15, 22249, 32607, 524.71, 79
2026/09/28 06:04:47.541, 100, 15, 22249, 32607, 524.94, 79
2026/09/28 06:04:47.766, 100, 15, 22249, 32607, 525.33, 78
2026/09/28 06:04:47.992, 100, 15, 22249, 32607, 524.72, 78
2026/09/28 06:04:48.216, 100, 15, 22249, 32607, 525.29, 79
2026/09/28 06:04:48.440, 100, 15, 22249, 32607, 525.34, 79
2026/09/28 06:04:48.665, 100, 15, 22249, 32607, 524.82, 79
2026/09/28 06:04:48.892, 100, 15, 22249, 32607, 524.92, 80
2026/09/28 06:04:49.117, 100, 15, 22249, 32607, 524.87, 80
2026/09/28 06:04:49.342, 100, 15, 22249, 32607, 524.25, 80
2026/09/28 06:04:49.568, 100, 15, 22249, 32607, 525.20, 80
2026/09/28 06:04:49.792, 100, 17, 22249, 32607, 524.78, 79
2026/09/28 06:04:50.017, 100, 17, 22249, 32607, 524.83, 79
2026/09/28 06:04:50.245, 100, 15, 22249, 32607, 525.31, 78
2026/09/28 06:04:50.472, 100, 15, 22249, 32607, 524.96, 78
2026/09/28 06:04:50.696, 100, 16, 22249, 32607, 524.80, 78
2026/09/28 06:04:50.920, 100, 16, 22249, 32607, 525.23, 78
2026/09/28 06:04:51.146, 100, 16, 22249, 32607, 524.90, 78
2026/09/28 06:04:51.371, 100, 16, 22249, 32607, 525.30, 78
2026/09/28 06:04:51.595, 100, 16, 22249, 32607, 525.30, 78
2026/09/28 06:04:51.819, 100, 18, 22249, 32607, 524.86, 79
2026/09/28 06:04:52.042, 100, 18, 22249, 32607, 524.77, 79
2026/09/28 06:04:52.268, 100, 18, 22249, 32607, 525.28, 78
2026/09/28 06:04:52.494, 100, 18, 22249, 32607, 524.71, 78
2026/09/28 06:04:52.717, 100, 15, 22249, 32607, 525.24, 79
2026/09/28 06:04:52.941, 100, 15, 22249, 32607, 525.27, 79
2026/09/28 06:04:53.168, 100, 15, 22249, 32607, 525.27, 79
2026/09/28 06:04:53.393, 100, 15, 22249, 32607, 524.90, 79
2026/09/28 06:04:53.617, 100, 15, 22249, 32607, 524.91, 79
2026/09/28 06:04:53.842, 100, 19, 22249, 32607, 524.82, 80
2026/09/28 06:04:54.071, 100, 19, 22249, 32607, 525.28, 80
2026/09/28 06:04:54.297, 100, 19, 22249, 32607, 524.79, 79
2026/09/28 06:04:54.521, 100, 19, 22249, 32607, 524.84, 79
2026/09/28 06:04:54.745, 100, 15, 22249, 32607, 525.27, 78
2026/09/28 06:04:54.968, 100, 15, 22249, 32607, 524.70, 78
2026/09/28 06:04:55.192, 100, 15, 22249, 32607, 524.74, 78
2026/09/28 06:04:55.418, 100, 15, 22249, 32607, 525.20, 78
2026/09/28 06:04:55.642, 100, 15, 22249, 32607, 524.88, 78
2026/09/28 06:04:55.866, 100, 15, 22249, 32607, 525.58, 80
2026/09/28 06:04:56.091, 100, 15, 22249, 32607, 525.35, 80
2026/09/28 06:04:56.315, 100, 19, 22249, 32607, 524.86, 79
2026/09/28 06:04:56.538, 100, 19, 22249, 32607, 524.93, 79
2026/09/28 06:04:56.764, 100, 19, 22249, 32607, 524.90, 79
2026/09/28 06:04:56.988, 100, 19, 22249, 32607, 524.79, 79
2026/09/28 06:04:57.213, 100, 15, 22249, 32607, 525.29, 78
2026/09/28 06:04:57.437, 100, 15, 22249, 32607, 525.32, 78
2026/09/28 06:04:57.661, 100, 15, 22249, 32607, 524.64, 78
2026/09/28 06:04:57.885, 100, 15, 22249, 32607, 525.23, 78
2026/09/28 06:04:58.111, 100, 15, 22249, 32607, 524.91, 78
2026/09/28 06:04:58.336, 100, 19, 22249, 32607, 524.79, 80
2026/09/28 06:04:58.560, 100, 19, 22249, 32607, 525.30, 80
2026/09/28 06:04:58.784, 100, 19, 22249, 32607, 524.89, 79
2026/09/28 06:04:59.011, 100, 19, 22249, 32607, 524.82, 79
2026/09/28 06:04:59.235, 100, 15, 22249, 32607, 525.25, 78
2026/09/28 06:04:59.460, 100, 15, 22249, 32607, 524.75, 78
2026/09/28 06:04:59.687, 100, 15, 22249, 32607, 524.93, 78
2026/09/28 06:04:59.911, 100, 15, 22249, 32607, 525.26, 78
2026/09/28 06:05:00.136, 100, 15, 22249, 32607, 524.90, 78
2026/09/28 06:05:00.360, 100, 16, 22249, 32607, 524.55, 80
2026/09/28 06:05:00.585, 100, 16, 22249, 32607, 525.24, 80
2026/09/28 06:05:00.809, 100, 16, 22249, 32607, 524.83, 80
2026/09/28 06:05:01.034, 100, 16, 22249, 32607, 525.26, 80
2026/09/28 06:05:01.258, 100, 16, 22249, 32607, 524.91, 79
2026/09/28 06:05:01.483, 100, 16, 22249, 32607, 524.81, 79
2026/09/28 06:05:01.708, 100, 16, 22249, 32607, 525.26, 78
2026/09/28 06:05:01.932, 100, 16, 22249, 32607, 524.87, 78
2026/09/28 06:05:02.154, 100, 16, 22249, 32607, 524.82, 78
2026/09/28 06:05:02.377, 100, 16, 22249, 32607, 525.27, 78
2026/09/28 06:05:02.602, 100, 16, 22249, 32607, 524.79, 78
2026/09/28 06:05:02.827, 100, 16, 22249, 32607, 524.83, 80
2026/09/28 06:05:03.051, 100, 16, 22249, 32607, 525.32, 80
2026/09/28 06:05:03.275, 98, 18, 22249, 32607, 524.64, 79
2026/09/28 06:05:03.499, 98, 18, 22249, 32607, 524.79, 79
2026/09/28 06:05:03.723, 98, 18, 22249, 32607, 525.26, 78
2026/09/28 06:05:03.948, 98, 18, 22249, 32607, 524.80, 78
2026/09/28 06:05:04.172, 98, 18, 22249, 32607, 524.92, 78
2026/09/28 06:05:04.395, 98, 18, 22249, 32607, 525.41, 79
2026/09/28 06:05:04.619, 98, 18, 22249, 32607, 524.72, 79
2026/09/28 06:05:04.844, 98, 18, 22249, 32607, 524.84, 80
2026/09/28 06:05:05.070, 98, 18, 22249, 32607, 524.93, 80
2026/09/28 06:05:05.294, 100, 18, 22249, 32607, 524.78, 80
2026/09/28 06:05:05.521, 100, 18, 22249, 32607, 524.88, 80
2026/09/28 06:05:05.746, 100, 18, 22249, 32607, 525.18, 79
2026/09/28 06:05:05.971, 100, 18, 22249, 32607, 524.55, 79
2026/09/28 06:05:06.196, 100, 15, 22249, 32607, 525.22, 78
2026/09/28 06:05:06.420, 100, 15, 22249, 32607, 524.78, 78
2026/09/28 06:05:06.644, 100, 15, 22249, 32607, 524.81, 78
2026/09/28 06:05:06.871, 100, 15, 22249, 32607, 525.26, 78
2026/09/28 06:05:07.095, 100, 15, 22249, 32607, 524.84, 78
2026/09/28 06:05:07.319, 100, 16, 22249, 32607, 524.79, 80
2026/09/28 06:05:07.542, 100, 16, 22249, 32607, 525.25, 80
2026/09/28 06:05:07.766, 100, 16, 22249, 32607, 524.84, 80
2026/09/28 06:05:07.990, 100, 16, 22249, 32607, 525.34, 80
2026/09/28 06:05:08.215, 100, 16, 22249, 32607, 525.34, 79
2026/09/28 06:05:08.440, 100, 16, 22249, 32607, 524.85, 79
2026/09/28 06:05:08.664, 100, 16, 22249, 32607, 524.94, 79
2026/09/28 06:05:08.889, 100, 16, 22249, 32607, 525.07, 79
2026/09/28 06:05:09.112, 100, 16, 22249, 32607, 524.73, 79
2026/09/28 06:05:09.335, 100, 15, 22249, 32607, 525.29, 78
2026/09/28 06:05:09.562, 100, 15, 22249, 32607, 525.33, 78
2026/09/28 06:05:09.791, 100, 18, 22249, 32607, 524.85, 80
2026/09/28 06:05:10.017, 100, 18, 22249, 32607, 525.30, 80
2026/09/28 06:05:10.242, 100, 19, 22249, 32607, 524.93, 79
2026/09/28 06:05:10.467, 100, 19, 22249, 32607, 524.79, 79
2026/09/28 06:05:10.692, 100, 19, 22249, 32607, 525.25, 79
2026/09/28 06:05:10.916, 100, 19, 22249, 32607, 524.79, 79
2026/09/28 06:05:11.140, 100, 19, 22249, 32607, 524.91, 79
2026/09/28 06:05:11.366, 100, 15, 22249, 32607, 525.32, 78
2026/09/28 06:05:11.591, 100, 15, 22249, 32607, 524.62, 78
2026/09/28 06:05:11.814, 100, 15, 22249, 32607, 525.25, 80
2026/09/28 06:05:12.039, 100, 15, 22249, 32607, 525.27, 80
2026/09/28 06:05:12.262, 100, 19, 22249, 32607, 524.80, 80
2026/09/28 06:05:12.489, 100, 19, 22249, 32607, 524.90, 80
2026/09/28 06:05:12.713, 100, 19, 22249, 32607, 525.08, 79
2026/09/28 06:05:12.937, 100, 19, 22249, 32607, 524.81, 79
2026/09/28 06:05:13.161, 100, 19, 22249, 32607, 525.26, 79
2026/09/28 06:05:13.385, 100, 19, 22249, 32607, 524.92, 78
2026/09/28 06:05:13.609, 100, 19, 22249, 32607, 524.83, 78
2026/09/28 06:05:13.834, 100, 19, 22249, 32607, 525.29, 79
2026/09/28 06:05:14.058, 100, 19, 22249, 32607, 524.93, 79
2026/09/28 06:05:14.283, 100, 15, 21505, 32607, 521.23, 80
2026/09/28 06:05:14.510, 100, 15, 22237, 32607, 522.32, 80
2026/09/28 06:05:14.733, 100, 46, 22237, 32607, 523.27, 77
2026/09/28 06:05:14.960, 100, 46, 22237, 32607, 523.91, 77
2026/09/28 06:05:15.187, 100, 46, 22237, 32607, 523.91, 77
2026/09/28 06:05:15.412, 100, 46, 22237, 32607, 527.40, 77
2026/09/28 06:05:15.638, 100, 46, 22237, 32607, 526.78, 77
2026/09/28 06:05:15.862, 100, 43, 22237, 32607, 524.83, 77
2026/09/28 06:05:16.087, 100, 43, 22237, 32607, 524.85, 77
2026/09/28 06:05:16.313, 100, 43, 22237, 32607, 525.30, 76
2026/09/28 06:05:16.537, 100, 43, 22237, 32607, 524.97, 76
2026/09/28 06:05:16.767, 68, 37, 22237, 32607, 478.00, 73
